sequence,partition,mutation_sequence,num_mutations,num_edits,viral_selection,is_viable
DElAtGNtEiATNPVAYEAWGTVcPTdNGdQHqGDqH,rnn_designed_plus_rand_train_walked,__lAtGNtEiA_____Y_AW_T_cP_d_Gd_Hq_DqH,23,23,-4.390122589258662,False
DEEEIRTTNPVATEQYGSVSLWlLpQRvPeIeLl,cnn_rand_doubles_plus_single_walked,____________________LWl_p__vPeIeLl,11,11,-0.061641378284471,True
DEAEIRTTNPVAYEQYGTVSTNlNQGGgNGq,rnn_designed_plus_rand_train_walked,__A_________Y____T____lN_G_g_Gq,9,9,1.515217316713234,True
DEEEIRTTNPVAGEQYGSVSTNLQRMNR,designed,____________G____________M__,2,2,-0.591372989901,True
DEVEIRTTNPVATEQYGdVVVdDFnFgQgEgDEEq,rnn_rand_doubles_plus_singles_walked,__V______________dV_VdDFnFg_gEgDEEq,17,17,-2.265522177748587,True
DEQEIRTTNPqDAVEQYnGySvWtDdTpPnLDpVkGlEeA,designed,__Q_______qD_V___n_y_vWtDd_pPn_DpVk_lEeA,22,22,-5.27583656676,False
DEEEIATTNPVATENYGSVSTNLQQGNdT,rnn_designed_plus_rand_train_walked,_____A________N_________Q__dT,5,5,1.0391765155963897,True
DEHEIRTTlNhPVAYESWGSVcScIvNLsHyTtVgKnYs,lr_designed_plus_rand_train_walked,__H_____l_h___Y_SW___c_cIv__sHyTtVgKnYs,21,21,-7.946770808385405,False
DEEEIWTTNPVATEQYTSVSTNLQRGNR,random_doubles,_____W__________T___________,2,2,-5.0147188115440695,False
DEQEIATTNPVATECYGAVATNLQRgGgNDa,rnn_designed_plus_rand_train_walked,__Q__A________C__A_A_____g_g_Da,9,9,2.1522740923355195,True
