Séquence (boucle),Score Réel,Score Prédit,Différence absolue
DEAEIRTaTNPVAYEQYGSVpFcTNPsQRpGtNR,-4.356227275400948,-4.356310724124398,8.344872345045218e-05
AEEEIRTTNPVATEQYGSvVVTNLQqVGNGd,1.1767608609808562,1.1774824341109857,0.0007215731301295492
DEEEISTTNPVATEQYGCVcSSeELnQeNfGsDQs,0.4189584971740069,0.4202358358276701,0.0012773386536631959
DEEEIRTTNPVATEQYGSVSTDLQRsIGnQs,1.3758384627533606,1.378250447822733,0.0024119850693724576
DEEEIATTNPVATEQYGSVcAmTnGeLeQdSpAeNgM,0.8335525196005436,0.8383115726717634,0.004759053071219821
DEEEIRTTNPVATEQYGSVSTVVQLGEMg,1.04936942981796,1.0566517675417435,0.007282337723783394
FEEEIRTTNPVATEQYGSVSiTNLQQgGNgNe,-0.5356835815868036,-0.5274980277690604,0.008185553817743219
DEDEIATTNPVAYERWGSVSGgNpGnAGeDdGnD,0.8927547501853901,0.9025599788034482,0.009805228618058104
SEEEIATTNPVATEQYGSVAMNLNDnGgERp,1.121546384652143,1.110677610720975,0.010868773931167919
DEEEIWTTNPVATEQYNSDSTNLQRGFR,-3.70996957698,-3.6979962953576715,0.011973281622328358
DDNEISTTNPVATEQYGCVcSnWgEeHnAeNfNsEQs,0.5208347416975934,0.5078198987330644,0.013014842964528928
DEEEIRTTNPIATEVYGSVSNNLERGNR,0.147323492344,0.13207467823286745,0.015248814111132547
DEMEIRTTNPVATEQYGCVSTELQRGsDqDg,1.1537192016512272,1.1699682179703181,0.016249016319090925
AEEEIRTTNPVATEQYGSVsTvTNnQnSeNGnNdTd,0.791967092634883,0.7734340453153772,0.01853304731950578
DEEEIRTTNPVATEQYGDVSTgGLgQnEgEGnGq,0.6877899151399756,0.7076824369949977,0.019892521855022105
AEEEIRTTNPVATEQYGSVSTNlEsNEGgNQs,0.9905623226512732,1.0111289150685216,0.020566592417248453
DEAEIRTTNPVAYEQWGSVSTNLnGeHGNeSe,1.3600195587292518,1.3817427006414214,0.021723141912169508
DEEEIRTTNPVATEQYGVVsTvNdEqGsTnQtEeEqTd,0.0570984235936518,0.08208147812252431,0.024983054528872513
AEEEIRTTNPVATEQYGSVSTNLdFIGNE,0.7971666129369082,0.7716921427078365,0.025474470229071677
DEDEIATTNPVATEQYGSAcSaTmPGiAeAaPeDgRn,0.7730212244183988,0.7995927419856352,0.026571517567236413
DEEEIRTTNPVATEQYGSVSnTdNvEMgEfGEfFa,0.3602234913949108,0.33357563482984354,0.02664785656506724
VEEEIRTTNPVATEQYGVVSTNLAiGqGgNeNv,0.91627177715684,0.9458528081207103,0.029581030963870214
DEEEIRTTNPVATEQYGCVSTDQQdDGNqFe,0.3671930462097525,0.39730840187922833,0.03011535566947582
DEAEIRTTNPVATEQYGSVSTNLQgNGdNnGr,1.5018702211229715,1.4710075070401318,0.030862714082839693
DEEEIRTTNPVATEQYGSyVtSeTNDtEiRGeNP,1.14887200238,1.1086749162394893,0.04019708614051076
DEECIRTTNPVATEQYgPcSiEEDGLmPRGNG,-0.5723247368563726,-0.6146697227361031,0.04234498587973046
DEEEIRTTNPVATEQYGSVSTmNnGGgDGeTGe,1.333503894433243,1.2910903925731336,0.04241350186010928
NIpEEImSGeVnNPYAVEsCYQaWVwStTeVhQlQQeMvND,-6.5952984378840265,-6.638023055162654,0.042724617278627086
TEEEIRTTNPVATEQYGSVgSgTnNGQTgGGnN,1.3326091862724498,1.3759198759134765,0.04331068964102669
DDEEIRTTNPVATEQYGSVSTNLiQRGNR,-2.4904972246630193,-2.534675687945678,0.04417846328265895
DTEEIRTTNPVATEQYGVVsTvTnLqAGnTeQGtTe,0.3610994288454948,0.40588673901298833,0.044787310167493544
DDEEISTTNPVATEQYGCVcSnWgEdHnQeNfGsEnQs,0.6641309917744345,0.7109402682478141,0.046809276473379624
AEEEISTTNPVATEGYGqCVcSnWgEHnTeNfIsDfQa,-0.0044797342129245,0.044917269667921644,0.04939700388084614
DEEEIRTTNPVATEQYGSVcSTgNLENGsNVp,0.6581193218664851,0.708341773473478,0.0502224516069929
TNVtEEGTTNCtTnVAtEQYGSVSTvNdNPaEgTtNdE,-7.171945670393179,-7.120329385601307,0.05161628479187197
DEeEvLNMvLrTqLrPDmFTEDrTfLySqVqSTLaLQRGAR,-7.196749061393752,-7.142803072829116,0.05394598856463606
DEETIHTTNPVATEQYwGSVSTNLQRGNR,-4.12134207997,-4.066875732487739,0.054466347482260424
TnEEIAeIaTTNPVATTQWGCvCdSgHgQrGtQRGEnEt,-6.0186035531464706,-6.076272362257051,0.05766880911058081
DEEEIATTNPVATEQWGSVSgEgGpLgInHqDdNaAe,0.2065879951726198,0.26501767577079605,0.05842968059817624
DEEEIRTTNPVATEQYGCVSNALQEGGR,1.17028657153,1.10660109162776,0.06368547990223994
DEEEIRTTNPVADEQYGSVSTNLQRGNR,-2.461928235493681,-2.3980267451041053,0.0639014903895756
TdEEiEISeTTcNPVATEHYGTVyHTgEsHsQMVgNnGw,-5.866600459701421,-5.802093159247272,0.06450730045414854
EaEEaAeIATTNPVAYEQWGSVYkMlNmDqQnDDErGk,-4.922192785664738,-4.987459303374163,0.06526651770942582
DEEEIRATNPVATEIYGVVSTNLQMGNS,1.12498732607,1.2022392038764558,0.0772518778064557
DEEEIRTTNPVATEtQYPSVSTNLQRGNR,-4.059245537643816,-4.137411313175471,0.07816577553165427
DEEEIRTTNPVATEQYGSVSTDLDNGNR,1.38454743215,1.3058595443788192,0.07868788777118074
DEAEIATTNPVATEQYGSVATALERGNDs,1.3794061635452286,1.459606384162634,0.0802002206174055
AEEEIRTTNPVATEQYGSVsTTnVeQgNQaGtNvAn,0.7814927229597747,0.8638945002902219,0.08240177733044718
DEEEIRTTNPVATEQYGSVSTgNEQdReGdNE,0.807989120853,0.8918309960961208,0.08384187524312081
DEEEISTTNPVATEQYGCVcSnWeEHnQeNfQsDtQa,0.6249818351181413,0.7100404286157653,0.08505859349762401
TpSvWCIRPVNPcVSfTEPYGKvVpScTAeSsTKkVgGnAp,-7.907242444198767,-7.821814222161166,0.08542822203760103
DEEEIRTTNPVATEQYGSVVTtNnLQRINDg,1.0794943633947134,1.1653032653822235,0.08580890198751012
AEEEIRTTNPVATEQYGSVStTnNqQQaNqGtNEq,1.0989566109999025,1.0110421146998938,0.0879144963000087
DEECIATTNPVAYEGWGSVATvNNgGDTqGdSr,0.5596642950006774,0.4706873812441721,0.0889769137565053
DEEEIRTTNPVATEAYGSvStTvQqQqNAtEqGtTeEe,0.6719753808958555,0.582250995419396,0.08972438547645956
DEEEIRTTNPDATEQYGSVSTNLDRGND,-0.2006126329402721,-0.10853386534555032,0.09207876759472178
DEEEIRTTNPVATEQYGSVHTNLQRGNP,1.6392493516600002,1.5468544381643232,0.09239491349567697
DEEEIRTTNPVATEQYGVVStVvTnQqQgNnEeEeDe,0.851027697359354,0.9452549330709106,0.09422723571155656
DEAEIATTNPVAYEQYGSVATNLAdTgGeDqRg,0.8282797330977711,0.9244560196412195,0.09617628654344834
DEEEIRTTNPVATEQYGSVSTNLQeIGNdT,0.704601303035,0.8014250443140591,0.09682374127905913
DEEEIATTNPVATEQYGSVAANLQDQNRd,1.4900880372920564,1.393084385710634,0.09700365158142232
DEAEIRTTNPCATECYGSVSTgNLGNaGeDgQs,0.5661175125409217,0.6664528350357974,0.10033532249487576
DEEEIRTTNPVATEQYGSVcSTNLnQGsGsNRm,0.1611115741038682,0.2616166473684016,0.10050507326453342
DENEIRTTNPYATEIYGSVSTNLQRGAI,-2.60471742228,-2.5005008036579692,0.10421661862203058
HEGEINTTNPVAhTEQYGSVSTNyLQRGNR,-3.86816945658,-3.973797032971429,0.10562757639142895
DEEEIRTTNPVATEQYGSVSdTvNDqNiGLgNeQq,0.9073079792630416,1.0132376756253016,0.10592969636226002
DEEEIRTTNPVATEQYGmSyCnPwPpSvLvSIkLvAqMp,-6.400282455478884,-6.50834739829581,0.10806494281692647
DEEEIRTTNLVATEQYGSrVSTNLQRGNR,-6.749561038511201,-6.638395302561816,0.11116573594938561
CEDEIRSTNPVATEGYGsVNnDeFnDEeEvEdGgNqGn,-4.249767443693242,-4.361327291905134,0.11155984821189158
AEEEIRTTNPVATEQYGSVsVTnNNeQIGNtE,0.90297890170225,1.0165514756394076,0.11357257393715758
DEEEIRTTNPVATEQYGsVsTvVgNsNnGqQgTeAgTnDe,0.2500457315656202,0.13530575046065252,0.11473998110496769
AEEEIRTTNPVATEQYGSVSTNLQMGeQIe,0.3667056217867743,0.48826709760554365,0.12156147581876936
TEEEIRTcTcNPVATEPYGStTCTNaLsQRnGgNnKd,-4.862848324840313,-4.984442500582195,0.12159417574188147
DEEEIRTTNPVChTEQYGSVSTNLQRGNR,-4.924468858309363,-4.802723177890217,0.12174568041914657
DEEEIRTfTNPVATEhQYGSVSTNLQRGNR,-5.890269365595053,-6.012342329536786,0.12207296394173284
DEEEIRTTNPVATEQYGhShVlHqTNpLQiRGlNP,-3.2054472388599997,-3.3304941664184198,0.12504692755842006
DEEEIRTTNPVATEQYGSVSdTNLQeIeGeEeH,-0.163207711644,-0.28838902972263636,0.12518131807863636
AEEEIRTTNPVATESYGSVsTvTnNeQgNqQGtDgGd,0.6453646832100046,0.7724035617218794,0.1270388785118748
DEEEIRTTNPVATEQYGSVSTTNDEGVGe,0.6958939856646528,0.8268725927165024,0.1309786070518496
TEAiEIReTnTcNPVAYHPYGiKVaSvTgNNsQnRtVgTQ,-7.542177071529749,-7.678463412832322,0.136286341302573
DQiQEIRTTNPVATEQYGSVwMcAViLhEiTqEtSqEd,-6.564354730675758,-6.427407034207091,0.1369476964686669
DEEEIRTNNPHCTGQwYATyEpYeTvNtLfEcRnGpTdDs,-6.369585658255967,-6.232268086539191,0.1373175717167756
DEEEIRTTNPVATEQYGSVCTNMeQRGEEi,0.902234944429044,0.7637197263694837,0.13851521805956024
FEEEIRTTNPVAKEDwYGGVyAlTlYdQsQpQSvDyNf,-5.544672364814058,-5.403645132345445,0.14102723246861348
DENEIRSTNPVASEQYGVVSTDLQQGNL,0.967490242714,1.1103432179952257,0.14285297528122576
DEEEIRTTNPVATEQYGSVSTeNLGAGNqGg,1.3675640267799785,1.2233755124143109,0.1441885143656676
DEEEIRTTNPVATEQYGSVSpTvNpLNRGeNeTl,1.5220895675728496,1.377863874603798,0.14422569296905174
DEQEIRTTNPVATEQYGSVSfDtAsVtQENnNdE,0.5014694168306624,0.354676772008264,0.1467926448223984
DEEEIRTTNPVATEQYGSVSfANNEhNpVfAlDt,0.7557750063261544,0.6084148041186781,0.14736020220747625
AEEEIRTTNPVATEQYGSVvVTNLEqQGgNQv,1.035826965197812,0.8879180134148728,0.14790895178293928
DEEEIRTTNPVATEQYGSVcSTeNeLQSSsNR,0.924753983662468,1.081482386437413,0.15672840277494504
DEEEIRTTNPVATDiNYnGIVrEpWvNqGvSTiAqEnNw,-3.260879398813467,-3.1040352181036517,0.1568441807098151
DEAEISTTNPVATEGYGqCVcSnWgEHnAeNfNsEnQs,0.5429218395177187,0.7018440493289004,0.15892220981118177
DVCPItMwTTNrPVaAkTEQYSDVhSENLvRRGGR,-7.927142001636471,-7.7646754966319955,0.1624665050044758
AEEEIRTTNPVATEQYGVVStVNnLqQgTeAgNQ,0.7045637156497522,0.8670510704951813,0.1624873548454291
AEEEIRTTNPVATEQYGSvVTTnNnLQqGeGNGd,1.1711594037440158,1.0077260986858807,0.16343330505813514
AEEEIRTTNPVATEQYGSVStVqQqLqEgTeQgNvAe,0.6924483936729442,0.5260750802841976,0.1663733133887466
MEEEIRTTNPVATEQYGSVSTDLQeNeGNR,1.01165803107,0.844734135600679,0.16692389546932107
DEEEIRTTNPVATEQYGSVSvTiPPvQdIkGdEpM,-0.215508791146,-0.384591032951513,0.16908224180551298
AEEEIRTTNPVATEAYGSVStVnNqQgNDeGeNtDt,0.8197581002134604,0.9897134272675201,0.1699553270540597
DEEEIRTTNPVAiTEQYGSVSTNLQRGLR,-4.095509081630588,-3.9194182031561766,0.17609087847441174
SEtEaEIaACTNPVAyYyEaPpWtSScVsFAlGdLgQHMsWK,-6.527394373382223,-6.349780546446531,0.1776138269356924
DEEEIRWTNQWATRPLqWShVSTNLQRGNY,-5.4969217263,-5.675186783609364,0.17826505730936404
NEeNEIRTTNPAATEFYGvVnSgTnGlNnGQRfIgGgGi,-5.361808307664248,-5.183282119546521,0.17852618811772647
DESEIRTTNPVATEQYGSVSTNLQeNeGNqR,1.0910041004779545,1.2700081866018218,0.1790040861238673
DEHEIRTTNPVATEPYGSVfSTgNdLQNGNeR,1.631916366909265,1.4524117255117348,0.17950464139753008
DEEEIRTTKPYATWQYGSVSTNLQRGNR,-5.651860405680001,-5.835736331097769,0.18387592541776776
HEEELvGTTNPVItTECYGeSVcSPTfQeEvRqTvVgDn,-5.933714655559958,-6.118677047523181,0.18496239196322328
DEEEIRTTNPVATEQYGmShVHqTNpLQiRGlNR,-3.5981745764199995,-3.7853499873984116,0.18717541097841206
TtEeNEIATTNPTATEHWGVVAwNENdQdQqGGdHd,-5.361808307664248,-5.549046479295919,0.18723817163167134
DEEEIRTTNPVATEQYGSVsTvNlQqGnNgTqQgEeTe,0.3299046060562607,0.5177527136109834,0.1878481075547227
DEEEISTTNPVAYEGYGCVcSWgEHnAeNfNsEnQs,0.3748920608295709,0.5632221940416331,0.1883301332120622
YEEEISTTNPVATEQYGSHeSTNIyLRGNQ,-3.3331682596203467,-3.5228709390438184,0.18970267942347174
AEEEIRTTNPVATEQYGSVStNtNqLQTGeQgNn,0.7258143447234346,0.9183877724378151,0.19257342771438046
DECEIATTNPVATEHYGEVSGgNGnAGNdNqRg,1.2431599989787274,1.4362052378169414,0.193045238838214
DEEEIRTTNPVAMEQYGSVSTNLQIGNR,0.965660916673,0.7711081212003483,0.1945527954726517
DEDEIRTTNPVATEQYGSVcSaAnNnLdQdRtTpPdLm,-0.341388766425315,-0.14489893616790273,0.1964898302574123
DEVEIRSTNPVATEQYGSvItDnNaGNdEgEGgNDp,-0.1632023242722904,0.034095863353852174,0.19729818762614257
DIEEIRTTNATATEQYGSTSTNLQRGNR,-3.74008520169,-3.9380718609437353,0.19798665925373538
ThEvAPvIqRTTNPVAYtARYGNtVAcEgIaLsNlRtVgPvRs,-6.5952984378840265,-6.395698235073832,0.19960020281019464
CEEEIACTNPVATEQYGSVATNLQNpGeNaGe,0.9651683614471948,0.7654915068339152,0.19967685461327955
SETEIRCTwNPfVATFQYGtSCnSvTiNLtEnPNaNmNd,-6.291906294434091,-6.491846927141846,0.19994063270775442
DTLEIRTTNPVATEQYwGgCaScDySyDsIeTMtTqIeP,-6.193101284378607,-6.393118788483525,0.2000175041049177
KcNElSIRLTmNwPVHTEQYTpSTiScWDLCRGNRd,-5.803406633214227,-6.0035522132905,0.20014558007627326
TEEEIRTTNPVATEQYGEtYpSwVnMsEdPiGQvLeNi,-2.356713440541484,-2.1565496416030685,0.2001637989384153
DEEEIRTTNPVATEQYGSVSgQNeMtGDgGgNiT,0.8711805724254913,0.6709885517991658,0.20019202062632546
TESiEImRTTNPVCTECYGKvVaFcTvNeIsGnMvGgDR,-7.437757160897546,-7.237521125779686,0.20023603511786003
YEEtKIRATNPEATETYGfSVnSiTNgQyQRPTCm,-6.644208038364972,-6.844480598159411,0.20027255979443837
DEQEIRTTNPVATEQYGSVSTNLEvSsMfNlVm,-1.4313038372324651,-1.6315851412859725,0.20028130405350741
AEEEIRTTNPVATEQYGSVSTtNnNQnNiGeNdE,0.7522438420652309,0.9525384790582079,0.200294636992977
DEEEIATTNPVATEQYGNVSTNLQHnGgNM,1.0887740418827356,0.8884611181967363,0.2003129236859993
DEAEIRTTNPVATEQYGSVDTvNIDtTsGnEsRq,1.5204509076638126,1.3201299158412931,0.2003209918225195
DEMEIRTTNPVATEQYGSVSTNdNNmEmGeNeE,1.0805681467933197,0.8802148236960656,0.20035332309725407
AEEEIRTTNPVATEQYGSvVvSTNLQNgNeNGq,0.6417690739262372,0.842347163801298,0.20057808987506087
AEEEIRTTNPCATEQYGvVvVvVvTtNnTeQgStEeEeEe,-6.481478538326864,-6.279392572548657,0.20208596577820703
AEVEIRTTNPFATEIYGCVpSeTdNnLFtFeAmNdD,-3.70714523521,-3.9105902633496656,0.20344502813966558
DEHEIRTTNPVATEQYGSVSTNLnQNGdQRg,1.1595194881881414,1.363929431765949,0.2044099435778075
CEEEIRTTNPVATEQYGCVcStWgEHnQeNfGsEnQs,1.2094405359665663,1.0004841115862977,0.20895642438026862
QEEEIATTNPVATEQYGSVAaTaNLDeANnNvY,0.4684920943843896,0.6779092742989645,0.20941717991457492
DEEEIRTTNPVATEQYGVvTvVvVvTvNtTeQgSvTqDd,-4.66805478031934,-4.880554309640397,0.21249952932105654
AEEEIRTTNPVATEQYGSVStTtNQqQgEQgNeEg,0.8953680984737353,0.6797884825550478,0.21557961591868757
QlNMEIGTTNPVATEQYGnCcLrAlEeEIDeFfEsDnR,-6.059245537643816,-6.278895124423221,0.21964958677940505
AEEEIRTTNPVATEQYGSVTtVNnLqAgTtEgNsEd,0.7200308613803539,0.49899569208908634,0.22103516929126754
CEdEAEiCsTTNPVAYEHWGSVcYVGeGQdHrQqMnGh,-4.644208038364972,-4.867887414210987,0.2236793758460145
DEFEIRTTWPVATEATGSVKTmNLQqRHNS,-4.80459564583,-4.58020502539544,0.22439062043456026
DEEEIAATNPVATEQYGCVATNLQReGNdE,0.5898855941715823,0.36538751439665607,0.2244980797749262
DAAEIATTNPVAiYEpVWGtAfAcAgMPaGNpQgGfEqRh,-5.5952984378840265,-5.365101796773771,0.23019664111025584
EEElGfIQpNNfNpQdVAqTEQYSiSyVSQNLHRrGcWRn,-6.644208038364972,-6.879869248143226,0.23566120977825378
DEEEIRTTNPVATEQYGSVsSTNLLRGNR,-2.249216481287887,-2.485163066039612,0.23594658475172503
NPEMIRTTNFDAFASCFDWFEDDCHFLC,-5.91550495957,-5.677253087379463,0.23825187219053667
DEEEIRTTNPVATEQYGSVSTqNLPPGgNI,1.2535059108685698,1.0133929092465221,0.24011300162204763
DENRINTTNPVATEYYCtSVSdSnKpLvEYlGeVTm,-5.273370342996664,-5.032507513538143,0.24086282945852044
DEEEIRTTNPVATEQYGSVSTmDLQRGNdQ,0.8843206584379999,1.1253161982196813,0.24099553978168142
DEEASRTTNPLATGQYGNVSTNLQDGNR,-2.09865574931,-1.8562180038688574,0.24243774544114283
DEEEIRTTNPVATEQYGSViTINmEQRGNeL,1.1145171500007434,0.8720146668597231,0.2425024831410203
DEEEIRTTNPVAYERYGiSVScTRLsQRGgER,-3.8673779833208273,-4.110305422235103,0.24292743891427593
DEQEIRTTNPVATEQYGSVSdTwNLnQiEHeEdGn,0.1788509664400751,-0.06441541822759778,0.24326638466767286
AEEEIRTTNPVATEQYGSVStTNLQqQtANdT,0.9851485817146368,1.2288701512306295,0.24372156951599266
AEEEIRTTNPVATEGYGSVSTlNvLPTGdNP,0.6910546950240002,0.4466370851267252,0.244417609897275
DEEEIRTTNPVALEQYGSVSTNLQRYNR,-3.339767370206451,-3.0951247053974322,0.24464266480901875
DEEEIRTTNPVATEQFGEVSTNEQRGNR,-0.598174576418,-0.3443763727663951,0.2537982036516049
DEEEIRTTNPVATEQYGSVSTELQDGNC,-1.10006688825,-0.8444164651290924,0.2556504231209076
DEEEIRTTNPVATEQYGSVSnVlNdMqEeSnPvNNe,0.710141534214767,0.45446602367492606,0.25567551053984094
DEEEIRTTNPVATEQYGSVATNLQRNvEDn,1.228068802162209,0.9722147032269293,0.2558540989352798
DENEIRTTNPVATEQYGSVSTNLQLGNR,1.69738743377,1.440788503197596,0.2565989305724039
DEEEIRTTNPVATEQYhGSDSTNLQRGNR,-3.771388118846146,-3.512707866421027,0.25868025242511905
DEEEVRTaTvNFVkAVmMeFeYGFVSsTNLQKGwGYp,-6.7522677842224255,-6.49226531561306,0.2600024686093656
DEQEIRTTNPVATEVYGAVSTNLQRGNR,-0.526916360369,-0.7873551894480428,0.2604388290790428
DEEEIRTTNPVATEQYGSVSTNEQGGNS,1.0429348815,1.3058625659435936,0.2629276844435937
SEIHIYTTNPCMTEQYGYaVQlVpVgEnQVGvEkPw,-6.129634865535214,-5.866530480732144,0.2631043848030705
DEEEIRTVNPVATEQYGSVSTNLQVGNM,1.37604948628,1.1126295447590335,0.26341994152096637
FEEEIRTTNPVATEQYGsVvYgQgTdQlIdQeGeGgNqGt,-1.2816379589802644,-1.016356184465927,0.26528177451433743
SEEEIRTTNPTATEQYGEVSEgNPQdSGdTdI,0.105120993859,-0.16354510360749508,0.26866609746649506
DEECIATTNPVAYEQYGqTVSEgNHQNGgSRm,0.6500844896081895,0.37921224415879085,0.2708722454493987
MEmEvGqDEmAENmGGvAEmEFGGnEVgNTaNVnLEvINR,-6.644208038364972,-6.370203301624866,0.27400473674010684
SEEEIHTTNPCAHMFFGCISQGLDIGTE,-3.0466168739099997,-3.32362401649759,0.2770071425875904
DDEEIRTTNPVATEQYGSVvSgVqEgDQgGnAgNGd,0.3927430978079186,0.11544265739302872,0.2773004404148899
SEYESFTpTNPVATEQYGNmVTQhFQQGmGEnG,-5.437757160897546,-5.718780511089059,0.2810233501915125
DEDEIRTTNPVAYESWGCVcAnDNdDQpGqQgNEg,0.1145839182544118,0.3958742991374615,0.2812903808830497
DEEEIRTTNPVATEQYGSVATNLNDGNSd,1.3138093632534242,1.5960381645939927,0.2822288013405685
CEEEISTTNPVATEQYGqCVcSnWeEdPnTeHfIsDtQs,-0.0194606715379526,0.2638484561185779,0.2833091276565305
FEEEIRTTNPVATEQYGSfVSTNLQvQGNL,-3.3395472721099995,-3.0562327382815355,0.28331453382846394
AEEEIRTTNPVATEAYGSVSTNLdQEGqNTl,1.4569299554633757,1.171033826581545,0.2858961288818307
MEEEIRTTNPVATEQYGSVNfGeNVANgGNgGi,0.968754143463968,1.2558340875932945,0.28707994412932647
DEEEITNTNVVAAVQYGSVSTNLQRGNR,-5.343663380580001,-5.055970807715756,0.28769257286424477
DEEEIRTTNPVATEQYGSVHTNLIRGNP,1.11347096485,1.4016977638193682,0.2882267989693681
DEEEIRTTNPVATEQYGSViQaNmGEeQpEGeVpEi,0.1857585805930025,0.4752209045509197,0.2894623239579172
DEEEIRTTNPVATEQYGTVStTNLdFEINtGg,1.067789414894749,1.3588649704897193,0.2910755555949702
AEEEIRTTNPVATEQYGSVsTTlQNdNeEiGeTD,0.6097016330937386,0.9014843599709463,0.29178272687720774
DEEEIRTTNPVATEQYGSVSTALQvEfGNfTi,-0.0477660407580981,0.24468908435145487,0.29245512510955296
DEEEIRATNPVATEQYGSVSTDLQgGGNnEp,1.173354793394491,0.8801490643345486,0.29320572905994235
DEEEIATTNPVATEQYGSVSLNLQQGNF,1.24444412296,0.9467481815910785,0.2976959413689215
SEEEIRTTNPTATEQYGSVSTNEQNGTQ,0.986330335982,1.2840563607616966,0.29772602477969656
DSEEIRTTNPVATEAYGSVAcTNLQSGgNR,0.499973347175436,0.20168972728496826,0.29828361989046775
AEMEITTTNPVCTQCYGSVSeTELEePkGdEaI,-3.87582125809,-4.1756673606535095,0.2998461025635093
DEEEIRTTNPVATEQYGVVSTDLEVGNT,1.33475221964,1.0338179233668896,0.3009342962731103
DEDEIRTTNPVATEQYGvVsTvNlGgNqLaGiGtTnQqEd,0.5597665811534296,0.25825916452156417,0.3015074166318654
DEeEvLNMvLrMqLrPDqFTEDrTfEmSqVqQTFaLQRiGlAR,-7.059245537643816,-7.362888045977671,0.303642508333855
DEEEIRTTNPVATEQYGSgCgPpTiKaGmEfEqQpEaEt,-0.578363559135145,-0.273388818268268,0.30497474086687704
AEMEISTTNPVATEQYGqCVcSnWgEdHnAeNfNsDtQp,0.3734893431294804,0.067972434782134,0.3055169083473464
NDSIIIATNPMAMDWwYtGsFeAsAsGdNnWtQVmYeNiN,-5.781711562114907,-6.089653349137448,0.30794178702254094
DEEEIRAtNCtTnVATEAYgTvStVvTTTnNnQlQGnNdEd,-5.308859427715289,-5.620921303815367,0.31206187610007774
DEEEIRTTNPEATEQYGSVSTDLQHENN,-0.0676100960341,0.2483920959784216,0.3160021920125216
YEEEIRTTkNPVATEQYGSVSTNQQYGTtR,-2.694248720864568,-3.0155525062769346,0.3213037854123666
DEEEIATTNPVATEVYGSVSTNLQVgDgNNa,0.6768691599828967,0.35534205136566754,0.3215271086172291
DENEIRTTNPVATEWwYGqAwAtYnTdPGqDlEhNDyQe,-4.295312895877341,-3.972046102245089,0.3232667936322522
LiEyEEIsRkTTTPVNTEQCnGySfVgCVmVaQqEnGsGdHPd,-6.6798319480956945,-6.3561146520936305,0.323717296002064
DEEEIATTNPVATEQYGSVcSVgHqGpLdSmIeNdRd,0.8901696746112588,0.566253252244989,0.32391642236626983
DDFEIRTTNPVATEQYGSVSlTNLEReLNR,-3.13731274944,-3.466777323711101,0.3294645742711011
DEEEIRTTNPVATEQYGVVSTmNLvGeQdGNnM,0.2686482240799349,0.6003656887103919,0.331717464630457
DEEEIRTTNPVATEQYGSVsTtNqQsGnNnDeQgSeQg,0.1642788531825514,-0.1677071902486178,0.3319860434311692
DEAEIRTTNPVATEQYGSVnNFeTeDQgGGNeEd,1.2697373147774964,0.933987937815675,0.3357493769618214
AEEEIRTTNPVATEQYGSVStTnNQqQaNnGnNSe,1.3337020205635632,0.9942704299805118,0.3394315905830514
QEEEIRTTNPVATEQYGSASTCLQRGNN,-0.971904129739,-0.6313624909584199,0.3405416387805801
DEEEIRTTNPVATEpQYGSVSTNLcQRGNR,-4.50607711950148,-4.163938158551932,0.34213896094954777
DEEEIRTTNPVATEQYGCVcSnTgNHnQeNfGsEQs,1.375893167691537,1.032788215014226,0.3431049526773109
LEELPRTINPQADEtTsQwYWqVySPISpQkRcGfIfW,-6.51160801789,-6.168317214873012,0.34329080301698855
DEEEIRTTNPVATEQYGIVSTNLQQGNL,1.75868074617,2.1032760116775444,0.3445952655075444
DEEEIRTTNPVATEQYGSVSeTgVsLdQAeAmNRa,1.1842559102867296,1.5297909006500285,0.34553499036329893
DEEEINTTNPVATEQYGiAvVpSTNLsDeQVgSpEr,-0.1023668062036216,0.2446945236040543,0.3470613298076759
DEEEIRTTNPVATEQYGCVcSnWeEDdQeNfNsEtQp,0.78703829326055,0.4356576581077771,0.35138063515277285
DTtAEIATTNPVAYEQYGSVcATnNqDAvGGNqVd,-4.1268842545191795,-4.479408416767546,0.3525241622483666
DEEVIRTTNPVATEQYMSVSTNLQRGNR,-3.8957468053609374,-3.540611056444829,0.35513574891610844
DEEEIRRTNPVATEQYGSVGTNLKRGNR,-4.53760322643,-4.18238514650206,0.35521807992793963
DEEEIRQTNPVATEQYGVVSTNDQDGEC,-1.02941478384,-1.3856543116078317,0.35623952776783163
DEEEIRTTNPVATEQYGSVDTPLDRGER,0.243973254441,0.6002274243003969,0.3562541698593969
DEEEIRTTNPVATEQYGVvStTnLqNgNqQgTtEQgSe,0.571231622329708,0.9287317699967037,0.35750014766699567
AEEEIRTTNPVATEQYGSVStTqQqQnQqNiGtTeAg,-0.3554468074128096,0.003539439375146003,0.3589862467879556
QEEEIATTNPVATEQYGSVATNLQeVDNDf,0.7497313014377778,0.38289320841352126,0.3668380930242565
MLGEIRTTNPVATEQWwLhACwAcTDmISFeTEeHn,-5.196749061393752,-5.563649078207038,0.3669000168132861
DEEEIRTTNPVATECYGSVSTELEDGNR,1.346616365681121,0.9783921510236153,0.36822421465750566
DeEmIcTvTSTiCtNPVAtEaYgSVsTDVSTSnGVSGEdR,-6.002020668950867,-5.633351985878697,0.36866868307216993
DEAEIACTNPVATEQYGSVAaTNEeAdPhQaNeQa,0.7045201158661045,0.3340287226775258,0.3704913931885787
QEEEIRATNPVATEMYGSVSTDLQSGDR,1.0811481941663414,0.7088451520273757,0.3723030421389657
DDEDIRTTNPVATEQYGKVSTNHQRVNL,-0.574020625061,-0.9503198025584867,0.37629917749748665
VEDEIACTNPVATEQYGCVATNLQaDNIeHe,1.1564330589641116,0.7797639084336865,0.37666915053042516
DtAtAEIATTNPVAYEQYGSVcAVdNhGaNeSpNdQdNf,-4.267832159455234,-3.8907396318657166,0.3770925275895176
AEAELVTTNCDSTECWGASqAiYqNLtImCkGfAQ,-4.83390236147,-5.225473937833426,0.3915715763634262
DEHEIATTNPVATEQYGSCaAMgHGpAdSgEgNdHe,0.8904190816549936,1.282228847273668,0.3918097656186744
DEEEIACTNPVATEQYGCVATNLQpDnQgEgDa,0.7193600642441459,1.1138435960778361,0.3944835318336902
DEEEIRTTNPVATEQYGSVSnGfIgEnAEGnNgGn,0.4393649248611669,0.8353275194374863,0.3959625945763194
DeIAaEISTTNPVAYERWGCVyNiDNGQdTnGKdG,-3.585314349311404,-3.9828082327252496,0.3974938834138455
DEHEIRTTNPVATENYGCVaTTGmNDdGGDP,1.024860095337492,1.4225481998813558,0.39768810454386383
DEAEIRTTNPVATEQYGSVSmANLQDGNRn,0.857273759162479,1.256522769590906,0.399249010428427
DEEEIWTTNPVATEQDgGSVSTRLiQRGNR,-4.00149951186,-4.401295955727896,0.3997964438678965
DEEEIlRTTsNPVATEQYGSVSTNLQRGNR,-5.041828484566407,-5.446927501204771,0.40509901663836345
DEEEIRTTNPVATEQYGLVcPaFnAVtEeReLvEmEa,-1.533784048671322,-1.125581275414837,0.4082027732564848
DEaApEcIaAaCTNPVAYAQWGCnVtAsANLDnSaHpNNq,-5.322279943477611,-5.732297772009483,0.4100178285318723
DEEEIRTTNPVATEQfYGDVKTNLQRGNR,-4.0892123505199995,-3.6736336252220423,0.41557872529795725
DEEMIRTTNPVATEQYGSVSTNLFRGNR,-3.2377464332659427,-2.822105007661702,0.41564142560424067
DDSEIRTTNPVATEQYGCVVPELnQEfGqDdNa,1.073110313350773,0.656374307353004,0.41673600599776894
DEEEIRTTNPVATEQYGSVCTNLvQeGTGRe,1.0048022633737546,1.423499873694218,0.4186976103204634
DEEEIRTTNPVATEQYGSVSTNLQSGNdR,2.02325109295,1.6014418761033857,0.4218092168466141
DEEEIRTTNPVATEQYGVvSvTvVtNlQqGtEqGtEeEe,-0.3774214976700712,-0.8001033423300745,0.4226818446600033
DEEEIRTTNPVATEQYGSVSPNtNdTdTiEdIQd,0.252240810521899,-0.1724159397985412,0.4246567503204402
DEEEIRTTNPVATEQYGSVSTVLnNNsGqTGg,1.437217864040958,1.863007373245794,0.4257895092048358
DDACISTTNPVAYEGYGqCaVcSnWeEdHnAeNfNsEfQs,0.3195849484780229,-0.10699806542527135,0.42658301390329423
DEEEITCTNPVATELYGEASTNLQRGGR,-1.3351552224299998,-0.9068756766185935,0.42827954581140637
QEEEIRTTNPVATEQYGSVmGlEnGGQGDnEeQg,1.0412734564319692,0.6127742853785154,0.4284991710534538
DEGEnIRTTNPVATEQfTGSVSTGLQRGNR,-4.51160801789,-4.077881961393238,0.433726056496762
DEEEIRTTNPVATEAYGSVsTtNnGnQqGnNnEdEeN,0.7229600832875982,0.28829911553232623,0.43466096775527197
QeSgECIRfTTNPCAfYECWGSvVScTVaGsGQVgNnRr,-7.759685255784909,-8.199581299424732,0.4398960436398234
DEEEIRTTNPVATEQYGSVdYpSlNmLeQeRvNpSqDv,-0.0577308970418183,0.38438691255805324,0.44211780959987157
DEEEISTTNPVAYEQYGqCVcSnWgEHnQeNsGsDQl,-0.0944740259547981,0.3489027324988756,0.4433767584536737
TmEEEIRTTNPVATEQYGmGdVmEpTdAaGqGeDgEeGeDi,-5.146708378894156,-4.699551111558387,0.4471572673357693
DEEEIRTTNPVATEQYGSVPtENLQRNvNvR,0.5034418089604558,0.05550004218739435,0.4479417667730614
DEEEIRTTNPVATEQYGvVsTvTnGnQqSaTnEeGvTnQq,0.6268763791079179,0.17836622999285012,0.4485101491150678
DEEEISTTNPVATEQYGCVcSnWgEHnQeGfNsDtQs,0.5610485259814796,1.0126265952761173,0.45157806929463773
ATEeEICEeTAtNpVATEQYgSvSVVvTNnLeQGsVtTAs,-5.2726979146270505,-5.724430021458172,0.4517321068311215
DEEEIRTTNPVATEQYGCVcSTgNHQFfGsNQa,0.1536586634886906,0.6059751275903507,0.45231646410166004
DEVEIRTTNPVATEQYGSVSpLNsQmDSiGLnMn,-0.6164630478820685,-1.0694938914762497,0.4530308435941812
SEMfEIfFGvTvNSVATEvQYYSEHiTtDtFqEvRqTfPF,-7.129634865535214,-6.674548013264869,0.4550868522703455
DDAEISTTNPVATEQYGqCVcSnWeEDnAeNfNsDnQa,0.5803611791295502,0.12176057777855664,0.45860060135099356
DEEEIRTTNPVATEQYGEVPTNLpQQGNR,0.465772340362,0.005847143105311758,0.45992519725668823
DEEEIFTTNPVAEEQYGSVSTNLQRGNR,-2.540625531751356,-3.0039482407384144,0.4633227089870582
AEEEIRTTNPVATEQYGSVvVTNLgGNnGNqE,1.653255276652229,1.1874405650438922,0.4658147116083369
TnVaEEsTtTiGtVNPVATEQYgCVsVTTqSLaQQGTnEl,-6.66805478031934,-6.201697209402102,0.4663575709172383
DTQGVRPVEAMAQMVFGSRYaVAgLNPnGdNiR,-5.907741559450001,-6.37539941000817,0.46765785055816966
DEEEIRTTNPVATEQYGDVvGNmNsGQGgGnDDn,1.1529468342646552,1.621366534488632,0.46841970022397694
MEENIGTTNQVCYHQYGnSCeQyTGIeRaRhGsNRm,-7.544672364814058,-7.075653032680773,0.4690193321332856
DEEEIRTTNPVATEQYGSVSTtNAQDGNTq,0.8623415691714039,1.3334297140806264,0.47108814490922246
AEEEVRTTNPVATEQYGSVGTNLQRGTR,0.0866419379146,-0.3846918731388955,0.47133381105349553
DEEEIRTTNPVATEQYGSVSTNLiQFdGEmR,0.977885805563,0.5051458314144757,0.4727399741485243
DEEEIATTNPVATEQYGSAcAgMHGQdSgEePMn,1.529469097938447,2.0029455852741256,0.4734764873356785
DEEEIRTTNPVsATEQYGgSVSTNLQRGNR,-5.284477910765226,-4.809806239779715,0.47467167098551055
DENEIRTTNPVATEQYGCVcSTEHQSfGsDQm,2.1640136275101636,1.6696872127656794,0.49432641474448413
DESEIRTTNPVATEQYGSVSTNLQGNNQd,2.4823210262557076,1.9878394424264885,0.49448158382921914
DEAEIRTTNPVAYEQWGSvCSTNDQGeGdNGg,0.860179411708476,1.358720959497572,0.498541547789096
DEEEIRTTNPVATEQYGSVSpTvNnLhIAiPtEeIg,1.0829507981043138,0.5823774565960447,0.5005733415082692
YEEEIMTTNPVATEQYGAVnNdTNLQRGNR,-3.283285811861747,-2.780532158546802,0.502753653314945
DEEEIRTTNPVATEQYGqCVSTNHQFsNsDR,1.278324507083687,0.7753242077760367,0.5030002993076503
DEEEIRTTNPCATEQYGSVVTNLQqNlGpNeS,0.3252670946215686,0.8283660997513564,0.5030990051297879
AEEEIRTTNPVATEQYGSVsTvVsNaGnQGTgNqTd,1.1208949203518703,0.6156753419877576,0.5052195783641127
DENEIATTNPVAYEQYGSVATHLpQdSmGpNdRm,-0.1218300750218393,-0.6281885217127146,0.5063584466908753
DEDEIRTTNPVATEQYGSVSTNDQgQDNgA,1.195230084379851,1.7025820057638343,0.5073519213839834
IHhEqEwIkRTvTYrPvPAEEyQpFGcSnImSTNLWRGNmWy,-6.022719661618702,-6.531046474207808,0.5083268125891056
DEMEIRTTNPVATEQYGSVPPNLmNTSdNqIs,0.7989336434914701,0.2891396856520778,0.5097939578393923
VDCEIRPTNPVATGQIGSVSTNpGgQvRqGvES,-4.664199513552439,-4.151070189890086,0.5131293236623531
DEDEIRTTNPCATEQYGSVSTNLgGEqGeNR,1.5010240218579334,0.9861575777626568,0.5148664440952766
DEEEIRTTNPVATEQYGCVcSTeELQAsGsNAs,1.05665017283942,1.5725243278634702,0.5158741550240502
CEFEICTVNPVCTEQYGSAPTVIQGGTI,-4.1200063952,-3.6033303405305617,0.5166760546694382
DDEEIRTTNPVATEGYGCVcSnWeEdHnEeFfNsDtQa,0.3524372100018746,-0.16480182425786616,0.5172390342597408
AEEEIRTTNPVATEQYGSVStTtNlQqGnQqGnNqTq,1.3773001870067612,0.8575661362392788,0.5197340507674824
STmEkVIGMTYWTAHEeDvYItSVWvMNLwERnDNaMk,-6.544672364814058,-6.023885093307062,0.5207872715069968
DEAEIRTTNPVATEQYGSVSTmWgDsQqEgGsEeF,0.8012521524802508,0.27969143185714707,0.5215607206231038
AEACISTTNPVATEQYGqCVcQnWgEdHnAeYsNsEfQa,0.7234940851595393,0.20178546080234483,0.5217086243571945
AEEEIRTTNPVATEQYGSVvSTNLNGNqNdE,1.1787041646041927,1.701184178123886,0.5224800135196932
DEEEIATTNPVAYEQWGSVSTNLnGNmGnNnR,1.053070638650371,0.5300038376226057,0.5230668010277653
AEEEIRTTNPVATEQYGSVStTNnNlQQiGNnGe,1.558009989980255,1.0333367350730827,0.5246732549071724
DEEEIRTTNPVATEQYGSVtNnEVeLEvLgNdEtLd,0.2504458847246483,-0.2748670061904752,0.5253128909151235
DpEEEsSmRITNPVATgEsIYLSyVSTlNLQIGNL,-5.927873776970897,-5.401678399440066,0.526195377530831
DEErEIReTTNPMAYEQYGTiVvSvIRmFsQStSgNyLc,-5.614306552651111,-6.14764972968251,0.5333431770313997
TEEEIfTTTcNPVmAYEQYGqCtVqSvTqNLsAGGgNqEh,-6.824780284006794,-6.291387208181654,0.5333930758251393
WESQIWTTNPCAAEQYGqSmVgSTpLvHlEpGeMpLRt,-7.229170539086128,-6.69300496067398,0.536165578412148
DEHEIRATNPVATEIYGSVSTNLQQGNA,1.29110379652,0.7547334057980803,0.5363703907219197
AEEEIRTTNPVATEQYGVVStVvNqQaQtETeDE,0.5439140707616796,1.0825026789268994,0.5385886081652198
DEEEIRTGNRVATEQYaGSVSTNLQRGvNR,-5.04820749705,-5.587271548246035,0.5390640511960347
DEEEIRTTNPVATEAYGvVvVvVtVtNnNvEqGsEeGEd,-4.529875362885978,-5.069832720414206,0.5399573575282286
DEEEIRTTNPVATEAYGVVDGnNMtQgEgGNqDi,1.1985522198238303,0.6550849021533933,0.543467317670437
DEaEEIRTTNPVATEQYGSVSTRLQRGNR,-6.133670378770371,-5.589981035718235,0.5436893430521357
DEEEIATTNPVATEQYGSVATNGQRINE,1.652992751815543,2.198647950851252,0.5456551990357092
DEEEIRTTNPVATEQYGSVStMNNQeVGlEpQa,0.675985005151642,1.2218270968815892,0.5458420917299472
ATeGGTnVTtTIaTnVATEQyGvVStVNaTtIStNPGNvR,-6.352027286871662,-6.898794676918187,0.5467673900465249
QEQEIRTTNPVATETYGSVSTNLQRGNR,-2.6653174332900003,-2.1149620089532775,0.5503554243367228
DEEEIRTTNPVATEQYGSVpHpTAEwQaImGpEqE,1.046341386857793,0.49583154812479524,0.5505098387329979
DEEEISTTNPVATEQYGCVcSTgEdHnTeHfGsEtQs,0.8958690044750569,0.34501722552887326,0.5508517789461836
AEEEIRTTNPVATEQYGSVSTtNqQLNgGNSg,1.3368834990849627,1.8910558992136073,0.5541724001286445
DEEEIRTTNPVATEQYGDvVgSgMgNLQnIsDeDgDe,0.4077912385146489,-0.14786902242472966,0.5556602609393786
DEEEIRTTNPEATEQYGSVETDEQDGED,-4.2283258509,-3.6722279212243323,0.5560979296756678
DtAtAEIATTNPVAYEpQWGCVAgTGLAvTnPmGePa,-6.36375657945377,-5.806308017495589,0.5574485619581813
DEEEIRTTNPVATEQYGSVSTLLQQGGQg,1.4296438407584169,0.8675297071417942,0.5621141336166227
AEAEIRTTNPVATEQYGqCVcSnWgEdHnAeNfNsDnQs,0.5585214232622473,1.123967594173652,0.5654461709114047
DEEEIRTTNPVATEQYGSVsTvNnNqQgTnQqGtEeEe,0.0273931418926562,0.5933669731468472,0.565973831254191
DEEEIRTTNPVATEQYGSVSdTeALQQeGeNdI,-0.2885428546269999,0.27901808869453326,0.5675609433215332
LEEEIRTTNPVATEQYGSVSTHLQRGNR,-2.747232911621537,-3.3163667182216727,0.5691338066001359
DEEEIRTTNPVATEQYGSVtSTQTQdEiGgNQg,0.7303451049379485,1.2996230832887505,0.5692779783508021
YVEEIRTTNPVATETYGySVSTNMQRGNS,-5.907242444198767,-5.33675609179792,0.570486352400847
KLEHINATNPFGTQKSQsSCpCEGPEqDAmLP,-5.61465367535,-6.1949407799610805,0.5802871046110809
DEEEIRTTNPVATEQYGVVSTeELQvRnGNdR,1.48887230499,0.9081343929409069,0.580737912049093
SEVEIACTNPTATEQYGSVSEmNEQReGTdR,-0.499702143683,0.08188701890317596,0.581589162586176
DEEEIRTTNPVATEQYGSVqSsEELDNGERi,0.7023056948006628,1.285932969309811,0.5836272745091481
DEEEISTTNPVATEQYGCVcSTeNLQNfGsDQi,0.226854478107919,0.8183390239656418,0.5914845458577228
DEEEIGTTNPHFTKQpYGSReEfTNLQRlGSRc,-6.29701318486718,-6.888971994167715,0.591958809300535
DEEEICTTNPVATEQWGStVSTNeDsQPpGgNR,0.9416276628173008,0.3489040756146755,0.5927235872026253
DEEEVlQmPnSNPsTSTgEMIqGPTnSTNLNDNdEgEg,-5.630402238839943,-5.0372622232704805,0.5931400155694622
DTEEvIfRTTNPCAYEPYGKVpSvNqReTsQdMVgNnRs,-5.3372302849435815,-4.738239988807562,0.5989902961360194
DDNEIACVNPTATEMFGGViSaTmNgEYlQGdTtF,-4.43677278497,-5.036398311798504,0.599625526828504
AEEEIRTTNPVATEQYGSVsVvStNQqQgTtTNnQd,1.0821103116017246,0.47929252034908565,0.6028177912526389
DECEIRTTNPVATEQYGSVAtGpNGQdAGgNV,1.1386759172886765,0.5354948565672055,0.6031810607214709
DEEEVRTTNPVATEQYGSVSTNLPRGNR,-3.1821022854293504,-2.577528266744257,0.6045740186850934
DEEEIRTTNPVATiEQYGSVSTNLiQRGNR,-4.568036357879569,-3.963312931566437,0.6047234263131318
YEEEIRTTNPVATGQYGSVeSTmNLGRGNR,-4.687276760256859,-4.080874691271125,0.6064020689857337
DEAEIATTNPVATEQYGCVSTNLQNtGPRe,0.9198229038016612,1.5268985970661708,0.6070756932645096
DEEEIRTTNPVATEQYGSVSaEpVgLQLIEnRd,0.5724652222688188,1.1797527083807067,0.6072874861118879
DEEEIRTTNPVATEQYGSVQTDLERLET,1.3342038546248638,0.7260285877799166,0.6081752668449472
DEEEIRTTNPVATEQYGSVSeSaLgLQInTfGnEi,0.5725378198303331,1.1809027698929722,0.608364950062639
DEEEIRTTNPVAhTEQYGSVSTNLYRGNR,-5.443437069969901,-4.833714945177404,0.6097221247924969
DEHEIATTNPCATECYGVVSTNLQgDaGNdSd,0.7343232335760606,1.3499798184166538,0.6156565848405933
DEVEIATTNPVATECYGCVSTNLnQgGaDgDsR,0.9128924926731264,0.2958967533548398,0.6169957393182867
DDEEIRATNPVATEQYGSVSTQGdQdQgGgGeEq,-0.3606463832746599,0.2580289053859426,0.6186752886606025
DEEEIdRTTNPVATEQYGSVSTNLQRGNR,-5.008020214288644,-4.389304450871686,0.618715763416958
AEEEIRTTNPVATEQYGSVSTtNlLiGnEqGeGgG,0.8783418551876184,0.2574539126215205,0.6208879425660979
DESCIRTTNPVATEQYGSVFTNLQIGNR,-1.24361547729,-1.8646944897691382,0.6210790124791381
YEEEIMTTNRVATEQYSSVStTNLQGGNR,-5.644208038364972,-5.020758670714054,0.6234493676509185
DqEEETRTTNPVATWQYvYvIVdSAtLqAEvEiLgNePw,-7.32227994347761,-6.688967688186608,0.6333122552910018
VtTlEDIsLkThTRcAVATQLkLGSWSHNLkERGMR,-7.611786560672595,-6.9768181407281284,0.6349684199444665
DsEEEIqRMTNPVATEQSVEHhSTlMvRCRGNRw,-7.0622480258053395,-6.425001471374687,0.6372465544306527
DEEEIRTTNPFATEQYGSVSTPLDRGNR,-0.670687076202,-1.3115473440594503,0.6408602678574503
DEEEIRTTNPVATEQYGSVSkTeNLQRGNR,-2.2401613230041053,-2.8832482558036494,0.6430869327995441
DEEEISTTNPVATEQYGCVcSWgEHnASfNsEtQp,0.2201220950154999,0.8648061378153944,0.6446840427998946
EEEEIRTTNPVATEQYGvVvTvVvVtVtNqQqSTnDeDe,-4.907242444198767,-5.552213424426591,0.6449709802278241
VECYIRTTNPAATEqQYGSVgSTwPQQnRqVmNcQ,-5.923183988067788,-6.568252840151541,0.6450688520837531
DEEEIRTTNPVATEQYGSVSpEtNVQAmNmVR,1.4342677372820527,0.787967518436691,0.6463002188453617
DEEEIRTTNPVATEQYGWVVaTNLQRGNR,-2.64329478317,-1.9942046884990487,0.6490900946709512
DEEEIRTTNPVATEQYGSVSTaNEQeRGNtV,0.4550264029119999,1.1042339482795889,0.649207545367589
DEEEIRTTNPVATEQYGSVsTtNnLqAgTeQgTeEgTe,0.5320563464503095,-0.11796055866237598,0.6500169051126855
DESEIRTTNPVATEQYGSVeSTtPLQRGNS,1.42262529725,0.7711467296782004,0.6514785675717996
DEERIRTTNPVYTEQYGSVSINLMRGNR,-4.40447010139,-5.057686156276281,0.6532160548862809
TEEEImATTNPDAYEHYGSvVFTNeHsTHnSKSp,-5.907242444198767,-5.247524365374601,0.6597180788241657
DEEEIRTTNPVATEQYGSVcStTePLERfGsNQ,0.7056260530922742,1.3674986001132678,0.6618725470209936
DEAEIRTTNPVATEQYGSFYdWLMeSESiEpQp,-0.1069307991452821,-0.770234268561774,0.6633034694164919
DETEIACTNPVATEQYGSVcAaDnHGQdSdIER,0.5103378897522821,-0.15373781641364292,0.664075706165925
DEEEIRTTNPVATEQYGSVSTvNVQqGvGNeM,0.4160721909595583,1.0853629145644064,0.6692907236048481
AEEEIRTTNPVATEQYGSVStTNgNqQqNqNgNnDe,1.3525008194920152,0.6823428226381898,0.6701579968538254
AEEEIRTTNPVATEQYGSVStTNnLqQeEGeTEe,1.2634838319327848,0.592917650808622,0.6705661811241628
CNpVgEfAVgTyTNPVATEQYMSVcSvPiVVAiFvGpVRp,-6.866600459701421,-6.194170977380959,0.672429482320462
DtEAEIATTNPVAYEPYGVVaSaTNLQEGGqR,0.1430123265809293,-0.5311150579649011,0.6741273845458304
DEEEKfRTnTtPPRAeEGnYdYnGdIIMmTNDQfRGNRh,-6.830074583676307,-7.507779498514145,0.6777049148378378
AEEEIRTTNPVATEQYGSvVvSvTtNLQEGnAnTe,0.8242267815108213,0.14161668098700453,0.6826101005238168
DEEEIRTTNPVATEQYGSVSTNLQiRGNcR,-3.3772156189624956,-2.6875516129686403,0.6896640059938552
DEVEIRTTNCVATEQYGVvMsNnDnNtEGpGqTdQtGd,-5.17027685003256,-4.479669577409051,0.6906072726235095
DEEEIRTTNPVATEQYGSYSPpNLQIGlVN,0.4866842314416509,-0.20469780974245122,0.6913820411841021
mDEEEIRTTNPVATEQGGSVSsTNLQRGNR,-3.94209916958,-4.635205574339341,0.6931064047593414
DEEEIRTTNHVATEQYWySyVtSTlApLGePdGNN,-5.04489001953,-4.349743954175683,0.6951460653543178
DEEEIRTTNPVATEQYGeSVeDTNLpQREDR,-1.64864002644,-0.9534097400933179,0.6952302863466822
DEQEIATTNPVATEQWGCVAgSgDPdAnDnPmGaQp,0.9911101399533538,0.2958206315636094,0.6952895083897445
DEMEIRTTNPVATEQYGSVSpTNLdQeRfGSiEd,0.0420231031315532,0.7380961016327809,0.6960729985012277
DmFEPReStKTWhPVAhTvYrHYGdSMySfTNqGQlRRwNR,-5.781711562114907,-6.479699738077387,0.6979881759624798
EEEEIRTTNPVATEQYGSVSTpNLENGTpNe,1.121778549753219,0.41824909209764716,0.7035294576555717
DEEEIRTTNPVATEQYGCVSTEwHQyRGsNR,-2.9055889253462532,-2.201242879846543,0.7043460454997104
DtEqDwCsAnCaCTNPVAYAlPWGTVSaAgSDQqRTSpVs,-7.437757160897546,-6.73092761324542,0.7068295476521262
IqESEIpRgGnTwNgPVAYEQcYElVlCTCyNSiHLiDSqQn,-6.322279943477611,-7.031531605612578,0.7092516621349674
SdEEEVYTDVPDvTKtNQlYeSSiVcIWdNeRTtRgNeNpR,-6.40974278472795,-5.695038596328509,0.7147041883994412
SEEEIRTTNPVATEaQYGSVSqTNLMRGNR,-2.76225869927,-2.044416367897492,0.7178423313725077
DEEEIRTTNPVATEQYGCVcSWeNHQHfNsNQs,0.1472053398236099,0.8656286172181984,0.7184232773945884
DEEEIRTTNPVATEQYGSVCtINEeQRGNeNn,0.2952667663151369,1.0137061949590667,0.7184394286439297
DEEEIRTTNPVATEQYGSvVSTqNeLsQRGgNG,0.7158551854091606,1.4369706201803956,0.721115434771235
DEEEIRTTNPVATEQYGSVScTNLCNGNR,-0.785225032499,-1.5096593141404249,0.7244342816414249
CEEEIATTNPVAYyEpQWGSVcSmAnPQpQeHqDgAMk,-2.6117865606725954,-3.342582657757488,0.7307960970848928
RVQGIRTTNPVAVLRYfGyMVyWQmNfLiQpPmGvNaC,-4.551098633973491,-5.283091962612723,0.7319933286392315
KEEGvIRGTNPVATWQHGtSVcTMaNQeFpEtIvTLd,-4.98970460439074,-5.728265115745493,0.7385605113547529
DDAEISTTNPVATEQYGqCVcSnWgEdHnAeNfNsDtQa,0.5159810201657087,-0.22356033454034918,0.7395413547060579
TEGVIATTNPVvAYEFYGCvYpScDgNmIsPeReAgNeGt,-5.544672364814058,-6.28499091529504,0.7403185504809819
AEEEIRTTNPVATEQYGSVSTNNQlQaNNqEn,1.5768832901062977,0.8326148132230546,0.744268476883243
DEEEIRTTNPVATEQYGqSVSmTeALQRGsNRv,1.2598172235491565,0.514558651597782,0.7452585719513745
DEEEIRTTNPVATEQYGSVSTNLELGNR,0.969455776615,1.715733165758576,0.7462773891435759
DEEEIRTTNPVATEQYGSCApEqTdVdQiMqTMvAd,-0.2412083328302925,-0.9878017558075491,0.7465934229772566
DEEEIRTGNPVACEHYGSVSTNLQRGNR,-4.00020212414,-3.250574922774663,0.7496272013653371
DEEEIWTTNPVATEQYGSVSTNLQRANR,-2.351352867673924,-1.5856948707660017,0.7656579969079225
DECEIATTNPVAYEQYGSVSTNLQgDQgNdE,1.168993640877657,0.4017987106517502,0.7671949302259067
DEEEIRTTNPVATEQtYGSVSTNLQRGDR,-3.029188303787637,-2.2589866752674004,0.7702016285202364
AEEEIRTTNPVATEAYGVVSTtNlQqQqEaTnVaTe,0.5685852282048329,-0.2034403805327356,0.7720256087375685
DEEEIRTTNPVATEQYGSVSpTDLtEREVqRl,1.1502492199156151,0.3766752968114515,0.7735739231041636
DEEEIRTTNPVATEQYGSVETDpLQIGdER,0.1848743904589999,0.9645665422053797,0.7796921517463798
HrEEQIRTTNPVAYEQYGCvVSTgNLsARtGgGR,-5.232082134506032,-6.016700621644357,0.7846184871383244
DEHEIRTTNPVATEQYGWVDTNEQRGND,0.8525099240710001,1.6376985687534775,0.7851886446824774
DSErEIRTTNPVATEQYGSVScTiNsHsQtFGgNnSa,-5.204922992839451,-4.418906570347924,0.7860164224915271
DEEEIRTTNPVATEQYGCVcStSNHQNfGsDQe,0.3871450589256328,1.1737104925777677,0.7865654336521349
DEEEIRTTNPVATEQYGSVdViTGLqQlVmLtAvVs,-5.706943793712935,-4.920275021487257,0.7866687722256787
DENEIRTTNPVATEQYGSVSECPQHGNL,-0.0500809812533,0.7382369131467756,0.7883178944000756
DEAEIATTNPVATEQYGSVSVNLQdQGNdPe,1.2753481100215054,0.48647533008981725,0.7888727799316881
DHEQIRTTNPVATEIYWSVSTNLQRGNR,-5.775500118659999,-4.986284406978586,0.7892157116814129
DEHEIATTNPVAYEPYGSVASNLQnVPdNE,0.2346681810739495,1.0242993814208488,0.7896312003468993
DEGEIATTNPVATEQYGSVASSDPtGeDNeN,1.074850478063282,0.2830844095857703,0.7917660684775116
DEEEIRTTNPVATEQYGVVStVnQqGgNqQgTeEeEd,0.1511946235372096,0.9485997884838202,0.7974051649466106
TEhAEIATTNPVAYERWGVCATNLPgDhGeNsGk,-4.895169611898192,-4.097271915148376,0.7978976967498159
DEEEIATTNPVAYEQYGSVAnMNDqTdTDgNdRe,0.6761090066164046,-0.12263041035699196,0.7987394169733966
DEMEIRTTNPVATEQYGSVSTIDQMGEdA,1.352639253982443,0.5536003967641392,0.7990388572183038
DEEEIRTTNPVATEQYGSVETTgLERNNdR,1.2630970652311375,0.4633311815450254,0.7997658836861121
DEEEIRTTNPVATEQYGSVSTNLQPGNI,1.38376275943,2.1843123397595656,0.8005495803295657
DENEIRTTNPVATEQYGSVSENLQRGNM,3.14334298375,2.3424217973905366,0.8009211863594636
AEEEIATTNPVATEQYGSVATNLQdQGeNsRe,0.3772346736116559,1.178200645395333,0.8009659717836772
DEEEIRTTNPVATEQWGSVDTNDETGTM,0.757441995562,-0.044565188123248056,0.802007183685248
DEEEIRTTNPVATEAYGvVSTvVvTnNdQqGtQeQdEd,0.5343558813512121,-0.27062585143726814,0.8049817327884803
wDEEEIiRTTNPVLTEQYTSVMTNLQRGNR,-5.970366894600001,-5.165203458357495,0.8051634362425055
DEEEIRTTNPVATEQYGCVcSTgEHQeFfGsQnQy,1.8865913382052188,1.0778430961165268,0.808748242088692
DEEEIRAtNCtTnVATEAYgVvStVvSvTTnNnQQGnNdEd,-6.644208038364972,-5.8348182741102885,0.8093897642546839
DEAEISTTNPVATEGYGqCVcGnWgEdHnAeNfIsEtQa,0.3731065469371964,-0.4368735174063296,0.809980064343526
DETEIRTTNPIATECWGATATeDLQePkGNI,-0.370920237676,-1.1911160877836764,0.8201958501076764
DEEEIRTTNPIASEQYGSVGTGDQGGMF,0.371880446969,1.1926696030595485,0.8207891560905485
QKIaEImKTTDVVfAVEMSGTmWcHtEDaNEGtTEQ,-7.041098190933557,-6.2169949538226845,0.8241032371108723
DEEEIRTTNPVATEQYGSVdSTNLERGNR,0.692035720914,-0.13505681523682522,0.8270925361508252
DEEEIRTTNPVATEQYGSVQTEHQNfNsNRa,1.926269823605507,1.0964073264722396,0.8298624971332673
DEEEIRTTNIEAFfEQYGSpPSTNLQRGNR,-5.10662418328,-5.937328089844338,0.830703906564338
DEEEIRTTNPVATEQYGSVSTNLQTGNG,2.0046797901599995,2.836473254713394,0.8317934645533946
SfEvSVICCTNPVSYERYGSlVpVcTpNeLsVNAgHpRf,-7.260879398813467,-6.425153855247095,0.8357255435663715
LMEiEVRCTNPVAYEQYYiSiVtEfSNpEcQhFhGfQeQp,-6.196749061393752,-5.358231010764031,0.8385180506297205
DEEEIRTTNPVATEQYGSvVSTNmLsQReGgNnR,-1.64664708381639,-0.8048875755693325,0.8417595082470575
REQEIGSCNPVYCEAWGMSCaIQSqQtTaNgMK,-4.262647795,-5.109990427249439,0.8473426322494388
TpEEEIRiTTNPcVAYEQYGSMAcTlNsLsMqEGgTnVd,-6.5952984378840265,-5.741654440821168,0.8536439970628589
DECEIRTTNPVATESYGSVSTNLQlRLNY,-3.58773006826,-2.732372516559555,0.855357551700445
DENEIRTTNPVATECYGSVSTDLQRGED,1.67176967455,2.527405860595132,0.855636186045132
DEEEIATTNPVATEQYGSVSTNLMHaFNR,0.217400852445,-0.6423412721134447,0.8597421245584447
CEEEIATTNPVAYEQYGSCSTgQaGeNnNLeDqRn,0.4751321753324152,-0.3857602170111978,0.8608923923436129
TTmEiPiImGSTNViVAvTVTTLSNSiHQLIiNlGNI,-5.258791662631921,-6.122916202766634,0.8641245401347124
MEQEIKTTNPAATEQYGmSeDgDEnMdPGnMdDvIdEd,-7.381173632531179,-6.509602198811209,0.8715714337199696
CtEDEIATTNPVAYEpPWGYVtSaAnGLDNnPPeNh,-4.524323719422256,-3.6468182363523387,0.8775054830699172
DEEEIRTTNPVATEQYGSVSTaNLQRGNF,1.59654449843,0.7170577605295305,0.8794867379004694
DEEVGRTTNPVATEQYGSVSTNLQRGNR,-4.84165410257119,-3.960926696521556,0.8807274060496337
DEEEIvRTTNPVAYEHYGSVhSEgNmSsLyGVgSDc,-4.8373291747313845,-3.955655561696308,0.8816736130350766
DEMEIRTTNPVATEQYGSVSTNLERGsNVs,1.4505294666831203,0.5685402610157668,0.8819892056673535
DQAEIRTTNPVATEQYGCwVwGDsYtMeLEgSnEpTn,-4.544672364814058,-3.66011604057532,0.8845563242387384
TEEEIRTTNPVAYEQYGSVSTNLsQRtPNV,0.2115284692934426,-0.676801301989479,0.8883297712829216
DEVEIRTTNPVATEQYGSASTNDQHGNH,1.69518436627,0.8033477081685882,0.8918366581014117
DEEEIRTTNPVATEQYGSVDTELQVGNR,1.69182535418,0.799698987303123,0.8921263668768769
DEEEIRTTNPVATEQYGSqVSTNLkQRGNR,-5.366674062836064,-4.469465570592161,0.8972084922439034
DEGeEIIATNNSETAyEWwGSVtTnPNgDdQqERgEdRt,-7.077167445641079,-6.179404830011062,0.8977626156300165
DMaEQIfRTdTNSiGFlTrRQYVRnVSmTqNcDQmRGwNKf,-7.276476253864486,-8.179299224680875,0.9028229708163895
DAEEIATTNPVATEQYGSVcAmNnGnPePpDdQaNgA,0.738938798522202,-0.16599701538455136,0.9049358139067534
CmQQATDiTDNkPVqATEQYGSVRlDdNAQRGsYR,-7.40974278472795,-6.503856638858922,0.9058861458690277
DEEEIATTNPVATECYGWVSTNLQRkGNR,-2.0078602107599997,-2.914109768937307,0.9062495581773073
DEEEIRTTNmPVATEQYGSVSTNLQRGsNR,-6.065788383510588,-5.158999798847822,0.9067885846627659
DEEEIRPTNPVATEQYGSVSTNLyQRGNR,-5.478784429157601,-4.5708236534754185,0.9079607756821826
DeIaENSNeIsTNPVAYEQWGSVAkTeDvQrMNgDtQT,-3.8638498486853856,-2.953013687165953,0.9108361615194327
TEAEICTTgNPVcATtEAWGYVAyIvNgLsTHhVgNnSe,-6.9374570572457745,-6.026038353417938,0.9114187038278363
AEEEIRTTNPVATEQYGSvVVvTtTNnQqIGtNLd,0.7043057185218566,-0.21088485179982808,0.9151905703216847
TEEEINTTNPVATEQYGSVSTgNeLsQMpGgMSa,0.9335016119784524,0.015861082974450547,0.9176405290040018
DEnEEIRTTNPVATEQYGSVSTNLQRGNR,-4.812605570060692,-3.894911136503177,0.9176944335575143
AEEEITTTNPDATEQYGEVSTNLQLGNA,-1.82825227292,-0.9077290465719363,0.9205232263480636
QErNEtIRTTNPQATEQyYGSIeSaTwWiIEhPITDa,-6.1635821974585525,-7.0860455883518245,0.922463390893272
SLEEIRTTNPFATAQsYmGsSyViEvTmGgPpDlVeGdLcG,-5.4495855745899995,-6.377629132102352,0.9280435575123525
AEEEIRTTNPVATEQYGSVsTvTnNdEqQiGtEgNnDd,0.4614624213580434,-0.46778445084212184,0.9292468722001652
KrEEEIRTTNPVAYEQYGEtVScTNaFTtRtGgNeL,-6.2060869259730875,-5.272968354745217,0.9331185712278707
DEEEIRTTNPVATEQYGSVSTNEQeNGNtN,0.267950417366,1.202507597628979,0.934557180262979
DEvSEIRTTyNlPVATEQYGKtIpScTNaTQRVgPyN,-7.1523549420352985,-6.214349313368867,0.9380056286664313
DEnEkEAGMkTNPLlYTmEdPcNGtSRSPdNeLwSvHNtGqNg,-5.502852189119431,-6.443002553070513,0.9401503639510818
DEEEIRTTNPVASEQYGVVSMNLERGNR,1.41376346866,0.4689600733008348,0.9448033953591652
DtAtAEIATTNPVAYEQWGhSnAcAAnNNQeAqGNmEn,-5.1018898750523105,-6.0472060156601755,0.945316140607865
DEEEIRTTNPVATEQYGVvStTnQqLqNgTEqGnNqTe,-0.4352889053067966,0.5100979625556361,0.9453868678624326
QEEEIRTTNPVATEQYGSVSTNLMRGNC,-1.74557995812,-0.7975570448481797,0.9480229132718203
DVTDLRGVNSVDYCQPGwSSmNpTGLvQsGpGcNmI,-5.23743305445,-6.18571436750785,0.9482813130578496
DEEEIRTTNPVATEQYGSVSTeNLQeRnGNR,1.2883673738,0.3389755371796106,0.9493918366203895
DeEEhEIRlTTNPVAYEQYGiShVScTgNaLsHRVgER,-7.129634865535214,-6.179535963760755,0.9500989017744592
MeELlGfIYDLyNQVeATEdQVSEsVvSTNHQQDNYi,-5.196749061393752,-6.148108332534716,0.951359271140964
DEEEIATTNPVAYEQYGSAcSaAnPGpLdSmIgLhNh,0.5562819290724137,-0.4014970229166561,0.9577789519890698
TTmEiPiImGSTNViVAvTVTTLSNTiHQLRiNlGNeRe,-7.138196879038638,-6.179923372446777,0.9582735065918611
DEEEIRTTNPVATEQYGSVSTELQMGNR,0.3592267114819999,1.3195113723440945,0.9602846608620946
DETEIATTNPVATEQYGSVcAmNnGnLePgAdIdNdA,0.9528836840738304,-0.0074329107134598615,0.9603165947872903
DEEmEIRTTNPDATEQYGSVSTNLQRGNR,-5.356926086284502,-4.395871264272639,0.9610548220118629
MeEViCTtETgTtNaEIrAtEQYGSvSVSVnNdEQgTnGNG,-7.1635821974585525,-6.201978060165425,0.9616041372931274
DEEEIRTTNPVATEQYGSVSTNLQDtGmDqDl,1.12962627559095,0.16773928484988776,0.9618869907410623
SEaEEiATESWGvVaTiTnSaQRpGeHnRrSTNHQyTGtNDs,-6.381173632531179,-7.345651878756922,0.9644782462257426
DEEEIRTTNPVATEQYGCVcSTgEHANfGsDtQi,1.443209371541473,0.4678516283336114,0.9753577432078617
DEEEIRTTNPEATEQYGSVSTNpLvQiRGNR,-1.28947069249,-2.268384741090114,0.978914048600114
DEEEIRTTNPVATEQYHSVSdTNLQRGNR,-2.8309765499706994,-3.819277405697285,0.9883008557265858
DEEEIRTTNPVATEQYGVVsTnLqSGnNnQqQnEeEd,1.770905614680992,0.7825297394556019,0.9883758752253902
DEEEIRTTNPVATEQYGCVcSnWgEdHnQHfNsEQs,1.2231248982695395,0.2309377234125778,0.9921871748569617
MEmGRIAYKSEVECKQHqVMaVSNNSQdTDeVqQt,-7.094869447374538,-6.101959930512118,0.9929095168624205
DEEEIRTTNPVATEQYGSVDTNLQRGND,0.572975191581,1.5683442068289226,0.9953690152479227
DEEEIRTTNPVATEQYGSVSTiNkLQRGNR,-5.680521737753057,-4.684335187450981,0.9961865503020757
DEEEIRTTNPVATEFYGSVSTNLQRGeLnT,1.185514696721086,0.18680453584737755,0.9987101608737083
DEEEIRTTNPVATEGYGSVNmNeSgQtQdQeDeDgQ,-0.0292067112624331,-1.0312914271583509,1.0020847158959179
AEEEIRTTNPVATEQYGSvVvTvAnLaNQEGtNnVe,1.2397821551334671,0.23182010097493144,1.0079620541585357
DEEEIATTNPVATEQYGSVcAaNnGEeAgDdMEnNn,0.8192293758006153,-0.19423427180290975,1.013463647603525
DEDEIRTTNPVATEFYGVVsTdQGqDqTDeGgQgGi,0.6248866097226019,-0.39204120566067946,1.0169278153832813
DEEEIRTTpNPVwATEQYGSVSTNLQRGNR,-6.996589929794049,-5.979618714697555,1.0169712150964942
DEEEIRTTNPVATEQYGSVSTMLQPGDF,0.536438417566,1.5655070229654564,1.0290686053994564
DEEEARTDNPICTEQYtGsSCSQNtLmQRGNR,-5.17681777207,-4.138393785597081,1.0384239864729183
DEEEIRTTNPVATEQYGSVdNpLiTLNNnFvAeDi,1.0570984235936518,0.01861562981967868,1.0384827937739731
TEEEIRlTTNPVATERYGTvTScTgNwQsQRGNnR,-6.842781840183305,-5.795917682644562,1.0468641575387423
DEMEIRTTNPVATEQYGSVSvTLnLeDnEYnQdPt,0.5427904764362811,-0.505787742287457,1.0485782187237382
DEEEIRTTNPVATEQYGSyVYlTpAfEeIRiIvVeNt,-5.222744269926696,-4.173782648652367,1.0489616212743291
DEEEIRTTNPVATEQYGCVcSnTNHQFgNsNtQs,1.2492063249870822,0.19779128179864713,1.051415043188435
DEEEIRTTNPVATEQYGSVcSTVfLQNiGsNRd,0.3557919616350273,-0.6958291527265139,1.0516211143615413
DEGEIATTNPVATEQWGCVAaTtNSnAtPdGdEnGd,0.0764352504993007,-0.9761264179273716,1.0525616684266723
DEAEIRTTNPVAYEQYGSVvSTNLQRGdNdQ,1.7180353067773946,0.6588884522075578,1.0591468545698368
TEHwVIGTTNPVATEHYGiSVScTgNeDFRpGgNnRi,-5.381173632531179,-6.44252304537598,1.0613494128448009
DEHEIRTTNPVATETYGSVSTNGQGGaNR,1.739537489283315,0.6710730196526393,1.0684644696306758
DEhEtEIATTNPVAYEQWGSVcSTNDvQGeGgQdSi,-4.737317442756455,-3.6680434419730514,1.0692740007834032
DEEEIRTTNPVATEQWGSVSMNLQRGpNQs,1.185802918686062,0.11151754621985432,1.0742853724662076
DEEEIRTTNPVATEQYGSVSSNLYSVeNI,1.2329760504273557,0.15626944943424093,1.0767066009931148
DEAEIRTTNPVATEQWGaMyWcTYeSvIEaFqEaNvMe,-3.8903967727608433,-4.967146690439148,1.0767499176783049
DEEEIRTTNPVATEQYwGSVSTNLQRGNR,-3.12161141860419,-4.204902921448802,1.0832915028446122
AEEEIRTTNPVATEQYGSVvVtSNiLNgTNNaN,1.2714527668712778,0.18748851985930326,1.0839642470119746
SeEaItEIATTNPVAYEPWGAVCIeNhMeQnQhGHhMn,-5.805797180639221,-4.721325149604361,1.08447203103486
DEEEIRQTNPVATEQYGSASTGENRGNN,1.82786783623,0.7420105275099793,1.0858573087200207
DIEgEqIRaTCNAVETSQhYGwSVSsTqFLQsRsGwVcRc,-6.6845160270185096,-7.773111464838108,1.088595437819598
DEEEIRTTNPVAYEQYGCVcSTNLQNfGNQp,1.0674907971908034,-0.022945530378234658,1.090436327569038
DEEEIRTTNPVATEQYGSVSSiNLQRGNR,-2.1583337945247196,-3.2504035463894287,1.0920697518647091
DDDEIRCTNPVAVEQYGSVSTDLQGGNR,-1.6052668819799998,-0.5100539567195685,1.0952129252604312
DEEEIRTTNPVATEQYGSVSsTNLQRGNI,1.535155763902418,0.43821761075405785,1.0969381531483602
CEAVICpSTNPVAYEpQWGCtIAgKpGqDDnSmVgEmRe,-7.130818858249095,-6.027442441717305,1.1033764165317894
DEAEIATTNPVAYEQYGCVATEgLQDAgDnR,0.8890040877257593,1.9932113844598733,1.1042072967341139
DEErEMiVeTvTqTiCsIANrSIYGgEVEvTsNqEQgLGiDEl,-6.644208038364972,-5.53785700363675,1.1063510347282222
DECEIRTTNPVATEQYhGSVSTNLQRGNR,-4.379034721774844,-3.2725622469599394,1.1064724748149048
NGeVFIRTvTNVVALeCCwYGySHnStTCQdEaGsGNSv,-5.98524495620004,-7.092775872550418,1.1075309163503784
DEEEIRTTNPVAeTEQYGSVSTNLQwRGNR,-4.988542546300614,-3.8803926104479136,1.1081499358527007
MEYESFTpTNPVATEQYGNmVTQhNQQgGfGEnG,-6.7925998782576436,-5.68077320926944,1.1118266689882033
DEEEIRTTNPVATEQYGCVSTeNLQRfLNQf,-3.3222799434776102,-2.2080049534592883,1.114274990018322
SEaEtEIATTNPVAYEPWGAVCIeNqMeQQhGTnMd,-3.9743566400573034,-2.855956621432126,1.1184000186251772
DTTTICTTNPVATeQYGsVsTVtNTtNGeQGVnVnDt,-3.2800517080883127,-4.4009365801653715,1.1208848720770588
DEEEIRTTNPVATEQYGSTStTNnLnQRdPSnQ,1.4255050456778822,0.30385972943735595,1.1216453162405262
DEEAIRTTNPVATEQYGSVnWtEQwDdDLVeEeEg,-0.0525196744555033,-1.180278805973777,1.1277591315182738
DEEEIRTTNPVATEQYGSVSpTNLQDnGEK,1.4937554885960829,0.3651948742794753,1.1285606143166076
CNDEIRCTNPVATEQYGSVfIvSwDeDeWEgQmEdAt,-4.196749061393752,-5.331600920667743,1.134851859273991
DEEEIRTTNPVATEQYGVVSTNLEiYGNR,1.67663796352,0.5372943097889369,1.139343653731063
DEEEIRTTNPVATEQYGSVSTVfLQRNEaN,1.2979161626051567,0.14129913697115626,1.1566170256340005
DESEIRTTNPVATEQWGSVSCiNEpQdReGeNG,0.58008085564,1.740833219706098,1.1607523640660982
QEEEIKTpRNPADMERNGSmWiSTmVfQyQpVgTFdR,-6.578619696737396,-7.739839683603886,1.1612199868664899
DEEEIRcTTNPVAHEQYGSVSTNLQRGNR,-4.722210550366246,-3.5574238550615176,1.1647866953047288
DEEEIRTTNPVATEQYGDVvDTmNAEgEGGeTe,0.6688419051759368,-0.49828094121451816,1.167122846390455
DEEEIRTTNPVATEQYGSVcSTvNLvQNGNR,0.529207791712,-0.6393120820777529,1.1685198737897529
DEEEIRTTNPVATEQYGSVnDdTdNgEdQgNnGqGeV,0.989527022225211,-0.18083758553324003,1.170364607758451
DEYwENSTTyQlYLATEpQpMFSVRTNLQpRGiNR,-6.866600459701421,-8.04243888715633,1.1758384274549085
ETDEISQNNPVATEHGGIHiSfDmVIQdNiDqYfQ,-5.84896980956,-4.671579147436269,1.177390662123731
DsSDCYAaCTNPVAYEQWGSIcAmIpALgQmHqGdIqAq,-7.30210206153998,-6.123945779426285,1.1781562821136946
DEEEIRTVNRCATEKgYGDVTqTTLQRmGeNR,-5.40746009892,-4.2270703132567125,1.1803897856632872
CNDmFFkAgCtTcNPlTAyYyEvPWGhSVaSAgNLQRnHsNdL,-6.129634865535214,-7.312738032759318,1.183103167224104
TGEEyIGTTNPVATEQYGECvSnWNLqTRaMNRe,-6.2258501807945175,-5.039515000702827,1.1863351800916906
DEDvEIATTNPVAYEQWGCnVAaNGqLpQmQGaNvNm,-5.160528873480998,-3.972858234259956,1.187670639221042
DEEEIRTTVPVmAACAeYGfVeVwWpElNMvEPeVaVgFy,-7.094869447374538,-5.905773386877621,1.189096060496917
DEDEIRTTNPVATEQYGSVScVlDaNeDpEgMqQnQi,0.7148093752576097,-0.4743939987808927,1.1892033740385024
DEAEIRTTNPVATEGYGSVSTNLgEeRGNsR,1.726708749958093,0.535910120480751,1.190798629477342
DEEEIRTTNPVDTVQYGSVSTNLQRGNR,-4.881363812373161,-3.6903919789683046,1.1909718334048565
DEDEIRQTNPVSTEQYGSVSEVLQRGGR,-3.3860470197400003,-2.185997786194217,1.2000492335457835
DEEEIRTTNPVATEQYGSCSTMLDvRsTNdRi,1.1733647320144387,-0.031144670238131056,1.2045094022525697
DEEEIRTTNPVATEQYGCVcSTEHnINfNsDnQl,1.258462913870137,0.05318484111401833,1.2052780727561188
SnPtECNAvTWNPVESEQCGSMQTeGaPhIkTtSaIkRl,-6.077167445641079,-7.287644244106398,1.2104767984653195
DEEEIRTTNPDATQQYGSVSsYNLDRGNR,-2.49357914059,-3.708137252533712,1.2145581119437119
DEEEIRTTNPVATEQYGvVvVvVvVtNlQaGnAgEqGnTn,-7.437757160897546,-6.221598342232035,1.2161588186655115
DEAEIRTTNPVAYEQWGvVsVSpNNlVdQDnGgGmNh,0.5157779390460718,-0.7067911536054545,1.2225690926515265
DTEEIRTMNFsDATEyNYiGSFSdTNLmQHCNRp,-6.267138389285149,-5.044195278995808,1.222943110289341
DEEEIRTTNPVATEQYGSVIpNlVMeVhLQqLgNq,-0.5635503750197477,-1.7886820505243364,1.2251316755045887
DENELRTTNPVATEQYGSVSTNLQRGNR,-1.2596679661779318,-2.4867167385634774,1.2270487723855457
DEAEIATTNPVATEQYGCVSTNLQNGPD,0.4997217545443951,1.7283837265017423,1.2286619719573473
DENEIRTTNPVATEQYGScVSdTeVlPDNIdNQe,1.1668225418360296,-0.0627018336296743,1.229524375465704
HPEEIRTTNPMATEQYGqSVETNLQReGNR,-5.2441277070300005,-4.010481583967384,1.2336461230626163
DEnEhEIgDpTTVAVAVRmQcAGSrVSTNyLwQVGNmRw,-7.505501767533381,-6.2707892454267595,1.234712522106621
DEEEIRTTNPVATEQYGSVSTNLIRGhNR,-4.280307673002294,-3.045038945490846,1.2352687275114484
DEEEIRTTNPEATEQYGSVSTNLQmQGDR,0.640958518262,-0.5947540047148463,1.2357125229768462
DEEEISTTNPVATEQYGqCVcSTEdHQNfGsQtQf,1.1151253688296878,-0.12512561259824295,1.2402509814279308
MpCEAIfRTTtNPVAYEPYGEIScClHeSsTtGtGgNnYv,-7.636170719299555,-6.393559282820254,1.2426114364793008
DAEEIATTNPVAYEQYGSCaAaVgNgLQnEmGGRq,0.9265004786759417,-0.32460588022505377,1.2511063589009954
DEEEIRTTNPVATEQYGSVETDLQRGEF,0.449359250472,1.7015434824051114,1.2521842319331116
CwEVEIfRCVTPVATGPwYwSyTViSaTgLLqVmGsNKaVe,-4.177890034142435,-5.433122155971297,1.255232121828862
AEEEIRTTNPVATEQYfGTFSMAsLQRMDQt,-4.560047590700974,-3.301255934842226,1.2587916558587482
EDsAEIRCTNPVATEQYGICiSpDkTsVtDeIqGnPD,-6.544672364814058,-5.285804905620451,1.258867459193607
DEEEIRTTNPVATEQYGSVSTeNgLQRLsNeRt,1.5710543286550025,0.3089630979585474,1.2620912306964551
DEEEIRTTNPEATEQYGSWSTGDDHGNR,-3.27773609967,-2.0100874882703277,1.267648611399672
DQvSViICSTNPVArYEQDWKvVpScDgNeDsQqRtGgNnG,-7.272239260978015,-6.00447885241678,1.2677604085612355
DEEEIRTTNPVATEQYGSVSTNLQRCER,-2.589865441542591,-1.3207970172222634,1.2690684243203276
DEEEIAATNPTATEQFGEVPELECQEDF,-4.51604026421,-3.2438549502209346,1.2721853139890653
DENEIRGTNPVATEQYGSvYvQvNGLeQgEgEgEdDe,-0.2110773811580004,-1.4836328675606474,1.272555486402647
DEEEIRTTNWVATEQYGSVSTNLQRGNR,-5.771264774679792,-4.49439280644004,1.2768719682397522
DSDEIRTTNPpVATEQYGSvVpScIqNLsQHGgNtR,-5.188528554588783,-3.909817549646684,1.2787110049420987
YEEEIRTTNPVATEQYGyGHpSTpNLiQlReGNY,-4.129634865535214,-5.410563067498286,1.2809282019630714
DDACISTTNPVAYCQYGqCiVcSnWgEdHnAeYfNsDtQs,-0.1915762518330164,-1.4763122922954954,1.284736040462479
DEVEICTTNPVATECYGSVSTgNgNqQtDrEgGdRr,-0.5157279684511066,-1.8028368403255737,1.2871088718744672
DEQEIRATNPVATEVYGSVSSNLERGNR,0.9859908552,-0.31574670341462685,1.3017375586146267
LEEEnQRITNPVkATEfQGvGpSvPSDNQYhRGNiRi,-7.98524495620004,-6.679873830501091,1.305371125698949
KEEFIVFTCPVATEQYGSVSyTmGQgERINdN,-6.85279466017639,-5.545412686774739,1.3073819734016512
FSETIRTTNPCATDRvYvINNeSlTvTsEqQfLtGgEgGq,-6.4191414827302,-7.728716420951813,1.3095749382216137
MEEEIMTfKNPcVATESFGgSVEQmVWQGNEN,-7.112356874103379,-5.802157968440593,1.3101989056627863
DEEKIRTTNPVATEQYGSVSTNLCRGNR,-4.52965447331,-3.218873379535275,1.3107810937747248
MEEEIRTTNPVATTQwYGFVySTYlMeQDGHCi,-6.213050873722852,-4.899577749078569,1.3134731246442835
TqEQsSImRTTtNaPVAYtAPYGSvVRcIPeEsDHdVgVnG,-6.561745878172999,-5.247260270764589,1.3144856074084101
DEEEIRTANPVAqTEQYGSVSTNLQRGNR,-5.819111533920101,-4.504491140751172,1.314620393168929
RSQGIRTTNPVAVLRYfGyMVySpQmNfLiQdPmGvNnC,-4.870583973619919,-6.19111054539609,1.3205265717761714
DEEEIRTTNPVATEQdYGSVSTNCQRGNR,-5.623816249533795,-4.302833487126922,1.3209827624068735
CEEAISTTNPVATEQYGCVcStWgEdDnAeNfNsDnQs,1.125800750823159,-0.20510428195921104,1.33090503278237
DEEEIRGTNPVATEQYGSvQNmNfPnAgEeNgQtGgQ,0.2761783997277688,-1.0578776882973226,1.3340560880250916
DpEEHICTTNhPVAYEPYGSvYpHcTDmQsGtRnLgNvRa,-7.1677699944219855,-5.83279504177526,1.3349749526467258
DfEEiEIKTTtNPVqAYEQYGqQVcCcTqDaSsQESgPR,-6.1802609386051826,-4.825550320981986,1.3547106176231969
FENaEIRrFTNPVQTWRCGySdMcQeTLLsQpIFiTQy,-5.644208038364972,-7.001729010836252,1.3575209724712796
DEEEIRTTNPVATEQYGAVVdDNmTmGFGeNGq,1.77827135492404,0.41703354103111234,1.3612378138929278
YEEaYIRTTNPVATEGYGSASdTPLVdRGNR,-4.563288042981405,-5.926204991894316,1.3629169489129112
DEFEIGTTNPVATEQYGSVSTNfLQRGNR,-2.13058517548,-3.4948139653264354,1.3642287898464356
DEEEIRTTNPVATEQYGSVSvTNLvIRGmSDq,1.1120450058227254,-0.25490261737673503,1.3669476231994604
DETAIvRlTTNPVATEQYGSVScTNeSsARVgNQh,-6.01530219005622,-4.64740790817342,1.3678942818827995
DEGEIRATNPVATEQYGSVSTDLQRGNR,0.188831700248,-1.1790794284167623,1.3679111286647623
AEEEIRTTNPVATEQYGSvVtVvTdGgNNnLgNNdDd,0.6434268789685118,-0.7293047627898206,1.3727316417583324
DdREErIwRTcTNTVmRqTSLhYASFETNkLyQmRyGmNsR,-6.465237897319653,-7.843626660790813,1.3783887634711594
YEESIRTTNPVATEQYGSHgSpTdNLvQnPGnEvR,-1.889320536201504,-3.268201391274094,1.37888085507259
DETEIACTNPVATEQYGSAcSpVgNdQNdSgNdQaLh,0.6245493975010519,-0.7552454959081585,1.3797948934092104
YAGEMRTTNPVATESYAySmASaEGsLVPGNRl,-4.465237897319653,-5.850396261838042,1.3851583645183885
TTnLQEiATTNPVATDCWGSVATwNwNpQdDqQrEsDh,-6.437757160897546,-5.052440387321968,1.3853167735755783
DEEEIRTTNPVATEQYGmMgYDgSgNmNDiMaEgGtNt,-1.3106919692023984,-2.6973906419135876,1.3866986727111892
DEEEIRTTNPVATEQYGSVwSpSyGpLeQLfDEvE,0.6440188412936677,-0.7475785625753257,1.3915974038689933
MEEEIRFTNPAATEQYGDHTeVNgNvFGgMlNiR,-5.838855469218516,-4.44723623830915,1.3916192309093658
DCEEIRTTNPAATEQYGSVSTNLQRGPP,-0.496840020723,-1.8899248596233935,1.3930848389003936
DEEEIRTTNPVATEQYGSVSTNLELGNA,0.974075806773,2.3742842083841973,1.4002084016111973
DEEEIRTTNPVATEAYGsVVVvVvTvTnQqGsTnEeEd,-6.381173632531179,-4.974298488316558,1.406875144214621
DEQEIRTTNPVATEQYGSVEaTNLQIGeNR,0.12811437484,1.5408649106633314,1.4127505358233314
DEAEIRTTNPVATEQYGSVcETwPwDeQRGnEKn,1.5047573444416935,0.09160897360233733,1.4131483708393562
DeHEIsEnATTNPVAYECWGSvYyIeNGHQtQGmNpRg,-6.291906294434091,-4.878427710591098,1.413478583842993
DEEEINSVNPVATETYGTVATILQHaGMM,-2.74318146208,-1.3291952779364662,1.4139861841435337
MEmEvGqDEmAENmGDvAEmEQYGnMVgNTgNVgLEvMNL,-8.03193819164808,-6.616167122747785,1.4157710689002956
DETEIRTTNPVAYEQWGSVSTNINGGNeDm,1.8695876108453793,0.45284000206868313,1.4167476087766961
DEEgEIRTPPPVATCQYGrSVSTNLQRTNR,-6.16731210998,-7.585366723367617,1.4180546133876168
AEEEISTTNPVATEQYGqCVcSnWEHeQeNfIsQtQa,0.6777200565223896,-0.7409607822168853,1.418680838739275
DECEIATTNPVATEPYGSVCYNNdHDtGhNdHe,0.2804156431685682,-1.1403458187087354,1.4207614618773037
DEPEIRTTNPVATEQYGSVtSTNLQRGNE,1.4523261533899998,0.031123941725746285,1.4212022116642535
DEGEIRTTNPVATEQYGSVSTgNLQRGeNqF,1.1585823197,-0.2669078362869941,1.4254901559869941
DEAEIATTNPVATEQYGSVSTNLQRANHq,2.7645285083050877,1.338784611318613,1.4257438969864746
EAEnCeIATTNPVAYEQWGSVcSTwDNLdQhGqNDg,-4.036109038845882,-2.6050056743051,1.4311033645407818
DpENiEnVsSsTTNCVWHNSYGEvVIlTTmEeVwRtGpVIn,-8.60768216233986,-7.17497472899662,1.4327074333432392
DESEIVTTNPVATEQYGSvVdIdTnEgQnLDsNgGdQn,0.6176988214630956,-0.8177051714518324,1.435403992914928
DEEEIRCTNPVATEQYGSvIvDQnVMgDaGQgGgGn,-0.2260646282183072,-1.6629710022385664,1.4369063740202592
QgEEYImRhTpTNPIWTEVaVhQnAViITNwLyQRfNsTR,-6.14482126934989,-7.587114914590484,1.4422936452405937
DEEEIRTTNPVATEQYGSVsGfEdVfEyGvRiFvEvQd,-4.308066084257909,-2.8634141614646746,1.4446519227932346
KEEEICTANPVATTCSGSVMmTNLQAGPR,-6.6915137531433295,-5.238015627789386,1.4534981253539438
DEEEIRTTNPVATEQYGVVSTNEQRGNF,1.8451788342099995,3.305630771137351,1.4604519369273516
VEEEIFSTNPVGAEQYGlGVSTNLEmYmMmNfF,-5.115829066010184,-6.585712311840908,1.469883245830724
DEAEIRTTNPVAYEQWGEVcSTdNgDeRiGGNNq,1.3980088971618916,-0.0804402568509035,1.478449154012795
DEEEIRTTNPVATEQYhGSVSTCLQRGNR,-5.334252585143687,-3.854585264359496,1.4796673207841904
NeEATTsEnAtTNPVAYEQWGVVvPTdNhQiQmRnGdAR,-5.7850705742048225,-4.302236260285829,1.4828343139189935
DnPtECIAvTWNePVEdSEQCWSMQNeGaPIyTtSaIkRl,-5.578619696737396,-7.061840707333265,1.4832210105958685
SeESiCtNVaTEqYGnVATDQYGNVSeIYGvNPElLE,-5.644208038364972,-4.149348547240541,1.4948594911244317
DDEEIRTTNPVATEQYGSvAgQgQGdDeFgNgDqEqTa,0.3246694441392468,-1.1741145876089298,1.4987840317481766
DEEEIRTTNPVATEQYGSViViAmNlGQnRqNPpLn,-4.384564221731953,-2.884479223263685,1.5000849984682678
DESEIRTTNPVATEQYGSVSTNLQEGNR,0.9600924631946496,2.467772075900325,1.5076796127056755
DEEEIRHTNPVATEQYGSlVSTaNLQeRGNR,-3.4098057373699997,-1.8997110237279289,1.5100947136420708
AeEAEIRTTNPVAYEQWGSVSgGDgNgQRgGNgEr,-3.4742830369226603,-1.9611513385039618,1.5131316984186984
DpEEHIRTTNPVAYEAYGKVSTVeDsGDtGsSR,-4.3360857430026405,-2.822435017604678,1.5136507253979623
GESQIMTTNPTAAEQYGqSmVgSTeLnHlEpTeMsLRt,-5.737317442756455,-4.223449507235211,1.5138679355212439
DDMEISTTNPVAYCGYGqCiVcSnWgEdHnAeYfIsDtQs,-4.796211131810023,-3.280330306086532,1.515880825723491
DEPEIKTTNPVATEFYGAvInMqEnQeGqGEqGeEePe,-5.149131041161012,-3.630778331918011,1.518352709243001
GDTEIRCTNPVATEGYGsEVSEDLDeSeDTR,-4.23519458226,-2.715895529525511,1.519299052734489
EEDEISGVNPVACENYGICTDLIQHEEH,-4.46635378797,-2.9406923180309783,1.5256614699390219
DEDEIRTTNPVAYEPWGSvCPgENdQDDtNHK,1.2155906648168229,-0.3142220766229844,1.5298127414398073
SEGEIAATNPTATEQFGSVSENPQVGNA,-0.295317128679,-1.8278982088192794,1.5325810801402795
CEDEIATTNPVAYEQYGSVAiAnNDtQDnHNnDv,-0.164818907601354,-1.6993771070392336,1.5345581994378796
DDtEEIRYtVNlEVrATSVYGSFcPeAfLsLERfEsNqFs,-7.845841899534624,-6.2984371504181595,1.5474047491164642
DEEEIRTTNPVATEQYGSVSdTDLEqTtESqE,1.260802824025323,-0.28899672419114975,1.5497995482164728
FIFaEIGnTTSPAAMQQYnVTVSMmAdLgQGpPEiDs,-5.381173632531179,-6.931270988241602,1.550097355710423
DEEEIRTTNPqVATEQYGSVSTNLQRLNR,-5.787943515826422,-4.236640066549127,1.5513034492772952
DEDEIATTNPVAYERWGSVTGgNpGnAGeHkGqV,0.8268755307361408,-0.7326683077119611,1.559543838448102
DEAEIRTTNPVATEQYrGStVSTNLQRtGgNR,-4.4819623394852846,-2.9211546485853734,1.5608076908999111
YEEEIRTTNPVGTEQYGySmVSStNLQRGNRv,-3.507835596633687,-5.069227174537201,1.5613915779035143
DENEIRQTNPFASEIYGLASeTeDgQvElNnGdEdT,-4.672462028919999,-3.1095103160080595,1.5629517129119397
DEEEIRTTNPVATEQYGpSVSTNLQRGNaR,-4.333684706749859,-2.770349363864697,1.5633353428851624
DEHEIAGVNPVSTEQYGCVSCNLQRGNR,-4.421795683869999,-2.8581336258714343,1.563662057998565
DNEEIRTTNPVATCQYGSVSTNLCRmGNC,-2.45550934755,-4.02080855142826,1.56529920387826
DENEITGTlNPVACEGYGiQRSpTpNLsAVaGqIFf,-8.01033593716287,-6.443771287871919,1.5665646492909504
DEtAwScIaACTNPVAyYEpQWGhCnVsAAGLsESvDdQdRh,-6.312226278813688,-4.724068260028252,1.5881580187854354
DyEEEsIRTTNPVATEQYGSVSTNLQRGNR,-4.3840561410643,-5.976552141376641,1.592496000312341
DEAAISCVNPVAYEGYGqCVcSnWgEaDnTeNfIsDpQa,0.4067289268602526,-1.1859912293063708,1.5927201561666233
DDEEIRTTNPVATEQYGSVgSNgQGgDeNGEeDa,1.7516656561623567,0.15178845842423527,1.5998771977381214
SEVEIRTTNPVATEQYGSVSTNLIlRGNR,-0.904277704143,-2.5065195271745235,1.6022418230315236
EiElEEImRPwTmNtGcGTYhHQYsGSnVStTPWARGNR,-6.644208038364972,-8.24666392285858,1.602455884493608
DCEEIKTnTSPVADkAgGwYDySfTpTQeLQAGnGEGd,-7.2660971080844865,-5.657073635860115,1.6090234722243713
CEAEISTTNPVAYEGYGqCqVcSnWgEpHnTeNfGsDtQa,0.3501453984938851,-1.2592334658387685,1.6093788643326536
TqEMEmVVeVTNPiVATtEPiIGfTyYSTNLlLhRqVvLiGh,-8.60768216233986,-6.993093655462502,1.6145885068773573
DEEEIeRTpTNMgVAqTEkITGSVSTkGLQRGRY,-5.712514051755882,-7.32936018608555,1.616846134329668
DEEEIRTTNPVATEQYGSVSiTNLQRGNP,1.72982419875,0.11207037467268055,1.6177538240773195
DENEIATTNPVAYEQYGSVAMNgDtQtGnGDeH,1.1015277654289657,-0.5185008667557227,1.6200286321846884
DDQEIRTVNPVSTEQYGTVSTNLERGNR,-3.7535808082,-2.1307504025780615,1.6228304056219387
ENaEAeIATTNPVAYEHWGNVTgPqNnDdPRDsNmDr,-5.115829066010184,-3.4855810840854167,1.630247981924767
DEEEINTTNPVATEQYGiKvVpSaTNLsDpKVgSLw,-4.85279466017639,-3.2199024075958187,1.6328922525805716
DEDTIFTGpMPVtTTEcQYGLgVeEaTtDeFqEhRTfVeE,-6.32227994347761,-4.6786724084386675,1.6436075350389423
DPEEICpTcDcHPGAgTErQAfGAMSmTtNcWgGlRtTrNRc,-5.644208038364972,-7.288217473690329,1.6440094353253567
DEEEIITTNPVSTEQYGSVDTNLQRGNR,-3.5983619272400005,-1.951869295922128,1.6464926313178725
DEEEIRTTNPVATEQYGSVSTNLQSGNF,1.05637862124,2.7050813732909456,1.6487027520509456
DeEDVIrRTTyNPVAYEAYGEVScISaFpQtSGgNnLn,-6.509906946653381,-4.86024967984817,1.6496572668052112
DEEEISTTNPTCTnEHYGEVdSDiLLpQFGdDcG,-6.10721776281,-4.450902573932748,1.6563151888772527
YEREIRTTNPQATEYEEeEVSTYLtEpKGEVi,-7.229170539086128,-5.561549031618486,1.6676215074676417
GEDaEIRTTNPVATEQYGhSfGMcTsLfICGRhNTt,-4.859714074116181,-6.533814154360895,1.6741000802447141
DEEEIRTTNPVATEQYGPVSTlNLQRGNR,-5.536723611698568,-3.8571736280081073,1.6795499836904604
DEEEIRTTNPVATEQYGWVSTNGQRGER,1.50533408343,-0.17982250033838554,1.6851565837683855
DEEEIRTTNPVAYEQYGSvVSTNaGsQRENnR,1.3182861763629294,-0.37033597478646296,1.6886221511493924
DtEAEInRYYVYsVEvTdLQYQgCVAANpNrDvGgGeQEw,-7.397568070781848,-5.6993095657437385,1.6982585050381092
DENEIRGTNPVATEQYGSyVqLvElGLvAqTdVdIqLe,-4.942431872661067,-3.2409681140914057,1.7014637585696613
DEEEIRTTNPVATEQYGVvStVvTnLqAgTeAGeEtDe,2.0639629648914655,0.3470381380175098,1.7169248268739556
MDESLRPTNPVAMCvWyYGYfVHvHlDgPtCcVnLmNlM,-6.446975690926925,-4.728183729993065,1.71879196093386
TEEEIRTTNPVATEQYGSVcSTNLQNGsNVs,1.321576246297114,-0.399915631082961,1.721491877380075
DDEEIRTVNPVSTEQYGAVGTNLQRGTR,-3.5008281791400004,-1.777758960603629,1.7230692185363714
DEEEIRTTNPVATEQYGSVSQNLQqRGNR,-1.1196181556232985,-2.8497939184375918,1.7301757628142933
DEEEIRQTNPVATEQYGSVSTNLQQGNR,1.5208905917200002,-0.23062015037956307,1.7515107420995633
DEEEIRTTNPVATEQYGSVSMvDLQRVER,1.1432592532479608,-0.6091830565076499,1.7524423097556108
AtEcWGIVaTTIGINGgNHNGQPVTPrAQGeGkSS,-8.461831295876404,-6.697926926307937,1.7639043695684675
DEEEIRTTNPVATEQYGsVsVvVvVvNlQqGtEqGtTtDe,-5.090954397371155,-3.3230814954720835,1.767872901899071
DEEEIRTTNPVATECYGSVSTNLQdQnGNR,2.48010706784,0.706337207102357,1.773769860737643
DETEIACTNPVATEQYGSAcSpVgPdQNdSgGdQmAh,0.5935376351465023,-1.1881544857553354,1.7816921209018377
DEEEIRTTNPVATEQYGSVScTDLQCGDeD,0.1568338101599999,-1.6358019701726336,1.7926357803326336
DSERTRQTNYICTWQYTSCYTGDYWGDS,-4.43916895865,-6.233676185426613,1.794507226776613
DEEEIRTTNPVATEQYGSVSVaNLQRGNR,-0.0451926299265,-1.840299771880999,1.795107141954499
MEEEIRTTNPVATEQYGdVVDdTeNLfTIgGGeNg,-3.244277431476337,-1.448659060052714,1.7956183714236231
DEEEIRTTNPVATEQYGSVSTNLDRGNE,-0.195140479526,1.602065660544647,1.7972061400706472
GEEGIRQTNPVATEGWGySVnEiTeNYdLpYGfTvR,-7.619960492118295,-5.8219108012933525,1.7980496908249428
DEEEIRTTNPVATEQYWdSVSTNLQdReGVR,-2.6643269114200003,-0.8593734272118763,1.804953484208124
DEEEIATTNPVATEQYGSVcAaNmGEeAnDaGmEnAn,1.104698486747767,-0.70277096247335,1.807469449221117
DEEEIRCTNPdVATEQYGSVSTNLQRGNR,-4.3476355177545045,-2.5357673651630694,1.811868152591435
DEEEIRTTNPVATELcYGSVSTNLQRGNR,-4.828465330814649,-3.0057854242369437,1.8226799065777053
DEEAIRTTNPVATEQYGqCVcSmWgEHnAeNfNsEnQa,0.9824418360034124,-0.8444706889241012,1.8269125249275135
DEVEIATTNPVATECYGSVSTNLqGqDtGgNmR,2.0094470757279685,0.17138285129133024,1.8380642244366383
DEEEIRTTNPVATEQYGSVFTEDCRGNR,-2.58701542055,-0.7478613035979889,1.8391541169520114
DEEEIRTTNPVATEQYGSVStTNLqNaEmFPiNd,0.2751519092057626,2.114575384599992,1.8394234753942296
DEEEIRTTNPCATVQYGDVWETDQSEEA,-2.67827402925,-0.8338108250476504,1.8444632042023494
QETEIRSTNPCATEQYGSTASDgLQlDnGND,-1.64124329831,0.20896499301467752,1.8502082913246776
DEEEIRTWNPVvATEQYGSVSTNtLQRGMR,-3.674940409780001,-5.529265459145637,1.8543250493656358
DEEEIRTTNPRATRQYGSVSTNLQRGNR,-5.868021134401048,-7.7268442550921215,1.8588231206910732
REEEIRSTNsPVASDQYGyQVCpSwALnMPqVlLqR,-5.6063114306064445,-7.465673138026584,1.8593617074201392
QAEEIATTNPVAYEQYGSVcAgNGgDeAtAgSGaEd,0.8695116946535786,-0.9932488842576435,1.862760578911222
DEAEIqCyTaTNPVqGYEAYGEtVScIgNNsQHeGgNnRq,-6.861438754585642,-4.995765603987699,1.8656731505979423
DSEEIReTTNPVATERYGKVSTNVsQqRtGgSnLq,-6.146708378894156,-4.274316970242487,1.8723914086516693
DEQEIRTTNPVATEQYGSVSTNLQRGNW,1.95750240788,0.08146593960313453,1.8760364682768655
YEPaEILTTNPVArTEQAGySdYnSTNLiQpRINvRs,-6.799093640343145,-4.922561523909731,1.876532116433414
QEEaAvIRFiVNPtVDTIQYdGyAaVySaDmNpQgEmRNNmH,-7.946770808385405,-6.069076078553776,1.8776947298316289
DECEIATTNPVAYEQWGSvVCNaAMpMEdAeDtR,0.3802798265378513,-1.5084501828228136,1.888730009360665
FEEEIRTTNPVATEQYGSVSpTtVLIaLGfVQd,-2.6085841286342513,-4.5021641985893,1.893580069955049
CpEpMtEIfSITNAItATcEVcYtGNNIPTQeVvRdLEDv,-8.314746270792202,-6.403689495633517,1.911056775158685
DEEEIRTTNPGATEtQYGSVSTNLQRGNR,-6.03123116147422,-4.118803573625604,1.912427587848616
DEQEIAQVNPVSTEVYGEVSEVLQHGGR,-5.390777565980001,-3.47445578374859,1.9163217822314107
MwEVEIfRCVTMVATGPwYySyTViSTWLqVmGsNvPaVg,-7.595298437884027,-5.676161637907406,1.9191367999766218
DEEEIRTTNPVnATEQYGSVfSTNLQRGNR,-5.732563912785819,-3.808384201655188,1.9241797111306314
DEAEIATTNPVAYEQWGSVYwTDqQDdHnGmND,0.7115928948540875,-1.2138777793223543,1.9254706741764418
DEEEIRTTNPVATEQYGSVSpEvGLQiLdTElLe,-1.4136626031496238,0.5118329923195803,1.9254955954692041
DEEEIRTTNPVATEQYGSVmGdTdQDQeQGnEqEe,1.0349606320964386,-0.8990224070720663,1.933983039168505
DEDEIqRTTNPVATEVWGcSVScCNIsQTGgNnGf,-5.47428303692266,-3.5286361613334583,1.945646875589202
DEEEIRTTVPVmAACAeYGVeVwWpNlNiMvEvPeVaVgFk,-7.907242444198767,-5.959971476494012,1.947270967704755
DEEEIRTTNPVATEQYGSVSTGPYNGNF,2.05065712433,0.0957847699540233,1.9548723543759765
DEAEIRATNPVATEQYGSVSSNLQSGNP,-1.2223845404544698,0.7388731738301129,1.9612577142845826
KEHEIRTVNPVASETYGTVDiTmDWQeSfGDdT,-4.662803783369999,-2.663374182129197,1.9994296012408022
DEEEIRTTNPVATEQYGSVCpDNnLERIQqQd,1.4875158997882476,-0.514242790711271,2.0017586904995186
DEEEIRTTNPVATEqYgYvGNnVDTPGElGpGgQGg,1.4499896369140943,-0.5539872700487667,2.003976906962861
DEEEIRTTNPVATEQYGSVSTLLCRGNR,-4.09168423101,-2.083817294352012,2.0078669366579884
DEEEIRTTNPVATEQYGVvSvTvVtTnLqQgNnDeDeDe,0.4596625594069795,-1.554546451850734,2.0142090112577136
DEEEIRTTNPVATEQYGSVMTNLeQRGNR,1.1980339173067094,-0.8213224186017998,2.019356335908509
DEEEIRCTNPVATEIYGSVSTNLERGNR,1.39850956909,-0.621307317963689,2.019816887053689
DEEEImRTTNPVATEQYGSVSTNLQRGMR,-5.948821547950166,-3.926788330463004,2.022033217487162
DEEEIRTdTNPVATEQYGPVSTNLQRGNR,-6.9725339044504855,-4.948489637397271,2.024044267053214
FEEEIRTTNPVATEQYGSVStTgNEQGnGeGqG,-1.9437683202238805,0.08789254720844042,2.031660867432321
IqESEIpRgGnTwNgPVAYEQcYElVlCTTyNLiHSiDSqQf,-4.737317442756455,-6.770820965671716,2.033503522915262
GEEEIRTTNPVATEQYGSVSTNLERGNR,1.75067231552,-0.2840887694543133,2.0347610849743134
STtAEIACTNPVAYAlQWGhVVCaAaVaLkGePtIgNEe,-7.840605251168476,-5.795871898053739,2.0447333531147374
DEGEIATTNPVATENYGEVSVNLIQGNQ,1.6739596760100002,-0.37132514228749436,2.0452848182974943
DEEEIRTTNPVATEQYGSVEpMMmLQEvAsLaA,-2.9843298308659056,-0.9356632665002085,2.048666564365697
DEEEIMTTNPVATEQYGSVSTNLQRGRR,-5.888259340831194,-3.8390686989030818,2.0491906419281123
CDEAIRCTNPVATEGYGqCaVcSnWgEdDnIeHfNsDtQa,-1.130659870935979,-3.1837103334239174,2.0530504624879384
TEEEIRTTNPVATEAYGKIQTNLsDEdGgLnE,1.5332776494691085,-0.5214975697140032,2.054775219183112
SEEEIRTTNPVATEQYGSVYTeDdMNnGfESlMa,2.020112253969468,-0.037594101658972257,2.05770635562844
CGaEEeCSTrTMiPVKTErQHaGQlPSTqNvLNaRGNRr,-6.322279943477611,-8.381658499948518,2.0593785564709073
DEEEIRTTNPVATEQYGSVSiTtNLQRGdNR,1.37043738129,-0.6891735201169524,2.0596109014069524
DEHEIRTTNPVATEQYGSVSTnDvEEiFvLqDhPi,0.7025810445564158,-1.3608288641373427,2.0634099086937585
DtTEnCtEQiGTtNPVATeAyGSVyTNgVlTTEIRGtGvT,-8.557496405171642,-6.492867307155205,2.0646290980164377
DEEeEIRTTNPVATEQYGSVSTNLgQRGNR,-5.941888587005658,-3.8747403960914744,2.0671481909141836
DESEIRTTNPVAYEQYGStVSTvNsLsQRGgNS,1.1497729101179328,-0.9204224266565815,2.070195336774514
DEEIIRTTNPVATEQYGSYSTNLQRGNR,-2.14874965895,-4.219585188366566,2.0708355294165663
TnCDEECICtTnPVATEQYGSvTvStTnNNQnGtNGDe,-7.071218179309892,-5.000255633970376,2.0709625453395164
SAtAEIACTNPVATEQYGSVCgIeHpGpLaSgEhTdSa,-5.339353456836552,-3.2580608832853284,2.0812925735512233
DfEEwEvIqATTtNhPVAYtEEWrGSvCAQYLsQnYVgSnR,-8.907242444198767,-6.824926573554668,2.0823158706440985
DEEEIVATNPVSTELCGVVScENgEQQeGNdL,-5.24078426395,-3.1510186194756518,2.0897656444743484
DEDEIRTTNPVATEQWGCCAgAgAhPgTlHpDdSpNn,0.9122541393877788,-1.180102454636045,2.0923565940238236
DEEEIRTTNPVATEQYGSVSTmNLFRGNR,-0.8968981737780001,-2.9941403528713,2.0972421790933
DEEEIRTTNPVATEQYGSVSWNLQGTVhR,0.922321744259198,-1.17563141182604,2.097953156085238
DELEIRTTLFVATCQQFILQTTVLIGAH,-3.45634832331,-5.554721603716149,2.098373280406149
EACEIATTNPVAYEQWGEVSTNLqGmQGgGaP,0.2681369873356539,-1.844366109251065,2.112503096586719
DEEEIRTTNPVATEQYGSVSlSPlLPnRdGlNdEd,1.249858516885962,-0.8791235460969702,2.1289820629829324
DDEEIRTTNPVATEQYGCVcQTNpLQRGIRa,-3.147949762915297,-1.0126166825239196,2.1353330803913773
AEMEISTTNPVAYEGYGqCVcSmWeEdHnAeSfNsDnQs,-0.2258171039763191,-2.3724650735523003,2.146647969575981
MENEIRTTNPVATEQYGSHPyQeDeEnQtLSiEeRw,-5.737317442756455,-3.590300601475114,2.1470168412813404
DDQnEItCTTNPVATEQfYGqLcLcVfPNsLETnDsGpFk,-7.415389347869092,-5.266802963937126,2.148586383931966
NEVDIRTTNPVAKEDwYGGVyQlTYdQsQpQSnDNf,-6.737317442756455,-4.585530409326022,2.1517870334304323
AEEEIRTTNPVATEQYGvVvVvVsTnNnLqQgEqGtNvAn,-5.381173632531179,-3.223412275680443,2.157761356850736
DEEEVRTTNPVATEQYASVSTNLQRGNR,-5.338581755806711,-3.17195193157042,2.166629824236291
DDEEVRATNPVATELYGSVSaMNLEReGNR,-3.6002715172500004,-1.4280592128063088,2.1722123044436916
DEEEIRTtNeEgCeCEiCTtEqYGSvSTtIsNnLEqSTNqD,-7.40974278472795,-5.221710042267503,2.1880327424604467
DEEEIRTTNPVATEQYGSFnCcCsESIeMeEqEdLi,-4.059245537643816,-1.8693470217543382,2.189898515889478
QETEICTTNPVATENYGSVSdTlADqQmSkGeEpR,-0.222453664169,-2.4176911765378772,2.195237512368877
VEAEIRTTNPVATyEQYGSVSTNLsQnSeGgNR,-5.01033593716287,-2.8070960148341135,2.203239922328757
DEGEIRMTNPVATEMYGCVSTQLQQGlDN,-0.5516875406082666,-2.7678247946698837,2.216137254061617
DENEIATTNPVATEQWGSVSaVaHaLQeHqDgTqGh,-0.6968383734013839,-2.926921499874137,2.2300831264727528
DEGEIRTTNPVATEQYGCVSWEdAeIHlGnEdRa,0.3667550113912326,-1.8647798965881277,2.2315349079793605
DEEEIRTTNPVAYEAWGSVSTNmLQRGgNE,1.2051315346813871,-1.0415190202482307,2.2466505549296176
FEDEIRTTNPVATEQYGSVdDnDdDQeTgGnGNiQg,-3.624842713498042,-1.3742024284270684,2.2506402850709737
DEEEISTTNPVAYEQWGStVaPTPeFsQTEDqEd,1.1329687350276068,-1.118971867255822,2.2519406022834287
DEEEIRTTNPVATEQYGSVcSTNLQpDdGNeRp,-0.9027410519638256,1.3608703178156523,2.2636113697794777
NEEEGRTTNPEATEQYGSVSTNLDEGNQ,-3.71805889536,-1.4428747309064711,2.275184164453529
DEEEIRPTNPVATEQFGGVSTNEQRGYF,-2.62083708765,-0.3448245722479797,2.2760125154020203
DEEEIRTTNCVATEQYGWVSTNLQRGNR,-4.49592803096264,-2.2132796283556564,2.2826484026069833
PEEEdIPTaEcQtTVTTSQYkGSDYtTNLQRGPR,-8.601503587410734,-6.315652281829404,2.28585130558133
DEfEVaAnEEaTNPVAYEQWgGvAyVdVnQrSgEQRGAaGr,-6.85279466017639,-4.566412642940065,2.286382017236325
TEEEIATTNPVATEAYGSVSTNLsDGGgNR,1.9222293457424096,-0.3728144729924532,2.2950438187348627
AEEEIRTTNPVATEQYGSvVvTvTtNnGnLQaGtNqIi,0.2644408695159045,-2.0400576500726118,2.3044985195885164
DEEEIRTTNPVATEQYGSVFpItNLQMvIeLeIv,-6.746306225983709,-4.439681948552998,2.3066242774307106
DiEEEICTTNPVATEQYGSVSTNLQRGNR,-5.394848569428255,-3.0657097683555463,2.329138801072709
DEESIRTTSrNpKAYLTwDnGnSVcCTVgLgMeEfGNlR,-8.814133039807285,-6.48402974595056,2.330103293856725
DENEIRTTNPVATEQYGCCTvAdVdVeQlEpGiDT,1.2228855274042616,-1.1103344957782326,2.333220023182494
DEEDIRTTHPVATEQYGSVSTNLQRGNR,-5.686333514037649,-3.35166025401759,2.3346732600200593
DEEEIRTTNPVATEQYGSVcSnTmNdLEVGfNvEi,0.4234707641137349,-1.9131174474727457,2.3365882115864807
MeMEVvImHhQRmNgPnVdATEgQYLiWMYNNSARQqIQg,-5.196749061393752,-7.545689283177595,2.3489402217838427
DEAEIRTTNPVAYEPYGiSVStTNLsGRGNnR,-0.8943611529020341,-3.244412818630653,2.350051665728619
DEEELRCTNPVATEIYGGVSMNLQRGNR,-4.28970874134,-1.932029774987667,2.357678966352333
TsEtEaEIRTTNPVAYEQWGSVcSTeNGnGeKGdQrRa,-6.603566053867627,-4.223270778844324,2.380295275023303
DEEmEIRTTNPVATEQYGSVATNLQRGNR,-4.889648384184029,-2.503749460650088,2.385898923533941
TEEMIATTyNPVAYEKSGAVStTeNLQnMpIgNRm,-6.946770808385404,-4.5605268160249235,2.3862439923604803
DEEEIRTTNPVATEMFGSVSTNLQRGNG,2.92407959181,0.532409309001137,2.391670282808863
DDEQmGVInYNPmEAqVETgYGDVaSTnHqMQhRNNvI,-6.53173330910656,-4.139667205833716,2.3920661032728443
DEGEIATTNPVAYEQYGCVANNGvTtAeNpNeKt,1.1639044027653724,-1.240160177221152,2.4040645799865246
DEEEIRTTNPCATEQYGSASDNLQvRFNR,-0.936400456285,-3.3595062018782382,2.4231057455932383
NDCEISTTNIVAYEQYGSTSPvSgGnEtEfDsHmQe,-7.40974278472795,-4.983755962500981,2.425986822226969
DEEEIRATNPVASEQYGSVAENLEeRGDdW,0.29503110408,-2.1452578535339137,2.4402889576139137
CEEEIRTTNPVATEQRGSVSTNLQRGNR,-6.260879398813467,-3.8037134205214302,2.4571659782920365
DVEEVRTTNPVATMMYGSVSTNLQRGNG,-4.74356712898,-2.2757733376423372,2.4677937913376624
YEEEIPTTNPVATEQYGSVSTNLQRGNR,-5.672777190561744,-3.200832778946734,2.47194441161501
DEEEIRTPNPVATEQYGSVSTtNLQRGNR,-6.722210550366246,-4.245205160330899,2.4770053900353473
ADAAISTTNaPVAYEGYGqCVcSmWgEdHnAeNiPsDtQf,-5.66805478031934,-3.1909651686114766,2.477089611707864
DEEEIRTQNPVETEQYGSVeSTNLQRGNR,-5.13915814743,-2.6504433690332636,2.4887147783967363
DEEEIRSTNPVATEQYGMGSTqVLQVgGNiAe,-2.49534465245049,0.018396312798965475,2.5137409652494553
TDESIRTTNPVATEQYGSyVvESaNqQeQvMtLnVvDf,-0.8317821267599468,-3.3506081042033333,2.5188259774433863
DEEEIRTTNPVATEQYGSVSTNLQvRGNQ,3.1531837710799997,0.616393269097876,2.5367905019821237
DEEEIRTTNPVATEQYGSVSmTNLQRGNR,-0.281830248059,-2.8254107748665733,2.5435805268075735
DEQEIRTTNPVATEQYGSVSTNDQIGER,-0.1335383244141788,2.4119650938024746,2.5455034182166534
YEEEIRTTNPVATEQYGSVScSvDLnQpNSqIdEq,0.4781885929947539,-2.090335963205181,2.568524556199935
DEEEISTTNPVATEQYGSVSTNLQRGsQnFi,1.834788365258596,-0.7359846314119345,2.5707729966705304
DEEEIRTTNPFATEQYGSVSTNLQRDNR,0.8341967416639624,-1.7403974669272646,2.5745942085912272
SDMCIACTNPVAYEGYGiCVcSnWvEdDnTeNfNsDtQa,0.2102151373494101,-2.382602799616401,2.592817936965811
DEEEIRTTNPVATEQYGVVSaTLLQRGGR,0.713205038264,-1.8799290653505336,2.5931341036145334
AEKEIRTTNPEATEGYGScEnShGpNvQQReEdQIf,-5.788979562578946,-3.194933999222219,2.5940455633567274
YEEEIRTTNPNATENYGsEVSMiNLQGmGNmPt,-6.059245537643816,-3.4575732947265245,2.601672242917292
DEEEIRCTNPVATEQYGFNSdTNdLERGdDQy,-3.0342991805135857,-0.4231447254602898,2.611154455053296
DEEEIRTTNPVATEQYGCVcSWNLQFfNsNVg,-4.6915137531433295,-2.0506331381351686,2.640880615008161
DEQEIRTTNPVATEQYGSVTVNLVIvGeNTd,-1.847500360506877,0.8053571965719382,2.652857557078815
DEEiEIRTTNPVATEQYGSVSTNLFRGNR,-5.4680510832111455,-2.815142418498992,2.6529086647121534
DfYGpEIRCTNPVATEQYGcCsVvSvVvNShEgDqIsNsMe,-4.530388138807811,-7.18857030618998,2.6581821673821695
DEEEIRTTNPVATEQYGSVgDsEnSnLtQpEpGqVeDt,-2.982598155487467,-0.30892918408023107,2.673668971407236
NtQHEIRTTNPVATEQYGStCsSTDsEeFEySeEpNq,-4.407671434708256,-1.7325918641967952,2.6750795705114605
DEEEIRTTNPVAYEQYGSVSTNmLsQnRGPR,-0.4879579738197369,-3.1720721230658087,2.6841141492460716
FENaEIRrATNPVGTWQFGySdMcQcTLLsQgVtFiTQy,-3.425373436441714,-6.138988204614058,2.7136147681723437
DEEEIRTTNLHADTgQYFSVSTNLQRGNR,-3.73336614815,-6.450770795504815,2.7174046473548152
DEEEIRTNNPDATKQYGSVQTNrLQRGNpR,-4.35173668111,-7.081900629283064,2.7301639481730637
SEAEIRSTNPVAYEQYASLwTvKaNSeEdEgQeEdIi,-1.7987179874205976,-4.540434380920022,2.7417163934994244
DESEICTTNPVAYEQYGKVScTNLsQAeGNG,0.8065887440443794,-1.9410352199486614,2.747623963993041
DlEpEtEiIRRTsEPTcATkEPYGSPpSTNfCHRGsNR,-5.196749061393752,-7.951618612209142,2.75486955081539
SEQEIATTNPVAYEQYGSVAaNgNLMRnGgTpHa,0.8261118964150608,-1.9620282302676477,2.7881401266827086
SEEEIRTVNPFYlFEDYGySESTPQtEvRhSmTtT,-7.245112082955151,-4.447413220445818,2.797698862509333
DEEEIRTTNPVATEQYGSVSTNmLQRGNF,-2.990083513136421,-0.19129373603697886,2.7987897770994423
DEEEIRTnTcNPVATEQYGSVSTNLQRGNR,-7.171945670393179,-4.373048832157584,2.7988968382355948
DECEIRTTNPVATEQYGSVSELLQRGGR,1.41938544211,-1.3795664748105763,2.7989519169205765
DEEEIRTTNPTATEQFGSVSTmNLQRGNtR,-0.667804124581,-3.4736287028192665,2.8058245782382665
DEEEIRTTNPVATEQYKSVSTNLARGNR,-4.890269365595053,-2.0835043242022504,2.8067650413928025
DEEEIRTTyNlPVAYEQYGStVNtTgNGsQyQSNnE,-5.737317442756455,-2.8901046606698495,2.847212782086605
DEEEIRTTNPVATEQYGSsVSTNLQRDNR,1.338151802499297,-1.5132709506318989,2.851422753131196
DpEEEIATTNPVcAYESYGStAScTNLsQRGgNnR,-6.85705668703055,-4.001872800968486,2.855183886062064
DEEEIRTTNPVAmTEQYGSVvSTNLQRGNR,-6.703101727418542,-3.8344205755431946,2.868681151875347
DEEEIRTTNPVATEQYGSVSiTNLQpNmGiVfVi,-6.946770808385405,-4.0668389094023505,2.8799318989830542
QEEEIATTNPCASEQYGIVSTNLQSGTR,2.10806958013,-0.7845082381381303,2.8925778182681303
TENEIqReTTNPVSYDHYrGiGVCcLNaEsEqNSgNnRg,-6.770740444293905,-3.871308907565351,2.899431536728554
DEDEIRCTNPVATDQYGmTDtNmNnAgGeNnEGeGgQd,-5.01742536194919,-2.1139257340510085,2.9034996278981815
DEEEIRTTNPVATEQYGDVSTNLQTGNR,4.522001919069999,1.606683089587361,2.915318829482638
DEEyEIRnTTNPVATEQYGSVSTNLQRGNR,-7.223817304591922,-4.293562945524635,2.9302543590672867
DeSDVIRTTlNPLAYEAYGEVScINaFpQtSGgNnLn,-7.428479347309536,-4.498106401826673,2.930372945482863
StEtAEIACTNPVAYEQWGTIcSaTlALpTaHgGdNqAm,-3.5624836409305187,-6.50408661836808,2.9416029774375616
DEEEIRTTNPVATEQYGSVETNDECGEI,-3.75602674556,-0.7931776872618785,2.9628490582981213
DEEEISTTNPVSTEQYGSVGTNLQRGNR,1.46293127005,-1.5038705737260152,2.966801843776015
LEPEISTTNPVATEQYGeSCvSFeNEqMqGvVqTcEe,-0.1017288689653301,-3.085420203298717,2.983691334333387
DEEEIRCTNPVATEIYGCVSMNLERnGNR,0.644761630174,-2.363042279367682,3.007803909541682
DEEEIATTNPVATEQYGEVATNLQRGNR,4.205002616580001,1.1914532060170968,3.013549410562904
DeSTEEATTNPVAYEQWGSTVTNLNgEdQqNkGs,-5.719170096046195,-2.6731457342369693,3.0460243618092258
SEEEIRTTNPVATEQYGSnIvTwSwNdEeQnPePeInRv,0.0647431796316368,-2.981375079973774,3.046118259605411
DEEEIRCTNPVATEVYGVVSTNLQYGNF,1.85818353192,-1.1913637582874816,3.0495472902074816
DElEEIRTTNPVATEQYGSVSTNLtQRGNR,-6.638854803870766,-3.5881650004618137,3.050689803408952
DEGEIKTTNPVATSAWGQVScTNLsQEpGgPnR,1.0248380598710536,-2.027592446688237,3.0524305065592907
YEEEIRTTNPVTTEQYGAWSTpNLvQREEqG,-5.907242444198767,-2.8524750119796147,3.054767432219152
YEREIRTVNPVATEQEEtEVSTYLtEpKTEVi,-8.276476253864486,-5.215436240855817,3.061040013008669
DEEEIRTTNPVATEQYGSVSPpPLPRGNL,1.2429942223214336,-1.8228214874451085,3.065815709766542
YEEEIRTTgNPVATEQYGSVVTNQQRGTtR,-6.98524495620004,-3.900557037792238,3.084687918407802
SEEEIRTTNPVATEQcYGDVSTNLQcRnGNpR,-5.41207234434,-2.3149667651001637,3.0971055792398365
TnEAEIATTNPVAYEQWGSVSgDVgEhNRGNgM,-3.6722224145345694,-0.5431075179867868,3.1291148965477826
DEEEIRTTNPVATEQYGSVSiTNLQRkGdNpR,0.6779957090500001,-2.455333068464853,3.133328777514853
WEEEIVCTYPVATEFYGSnVaSTnFQQHGqNgAg,-7.907242444198767,-4.7720281221446434,3.1352143220541233
YEEEIRTTNPVATEQWGCaVSnSNLtQeRnGNRn,0.4503095604193174,-2.6964849043411836,3.146794464760501
IeEdNvCIRTTNPVATEQYGCvNpHAvEpFvQDeFnNeEm,-7.381173632531179,-4.219077259594022,3.1620963729371567
DEEEIRTTNPVATEQYGSVSTNLQCGNF,-1.82925065874,1.3352609024455075,3.1645115611855075
DEVEIATTNPVATEMFGSVSENLQRGNR,2.8066533742699997,-0.3856406283250262,3.192294002595026
DEEEIRdTTNPVATEQYGSVSTNLQQGNR,-4.47428303692266,-1.2808595014800224,3.193423535442638
DEEEICTTNPVATEQYGSVSTNLQRGNF,3.86356614089,0.5620407255543958,3.3015254153356044
DEEEICnTTNPVATEQYGiSVSTgNaLsTRpEtNnAd,-5.166552016265314,-1.8555124392082876,3.3110395770570262
DEEEIRTTNPVATEQYGSYSTNLQRGNR,-0.1476214644886876,-3.48227679932479,3.3346553348361025
DEEEIRTTNPVATEFYGSvDtVmTgQGgGeDiNeDgQe,-3.3467329872021496,-0.006080462178440271,3.3406525250237094
DEEEIRTTNPVADEQYGSVSTNLQRGNR,0.967177,-2.3980267451041053,3.3652037451041052
MEeSEIRVTNPVATEIYGeCvCpDTrVpEeAMeGfGvEn,-7.803406633214227,-4.396981795559888,3.4064248376543382
DEEEIYTTNPVASEQYGSVSSELQRGNR,-3.75458477139,-0.315929168410217,3.438655602979783
YEEEIRTTNPVQTECVGSVSlTmNLQRGNdR,-7.759685255784909,-4.2877786269939815,3.4719066287909275
DEEEIRTTNPVAYEQYGvSVScTgNHaQRVTnQg,0.5516035462425903,-2.922047867747942,3.4736514139905323
DEEEpIRTTNkPVATEIYnGqSVSTNLQRGNL,-8.25836669851,-4.775004543997209,3.4833621545127915
DEEEIRTTNPVATEQYGSVSTNLQRGNQ,4.491586014019999,0.9855190823082047,3.5060669317117945
DEEEIRTTNPVATEQYGSVDcDmDLCNGNC,0.5729358495904426,-2.9860592242413,3.558995073831743
DEEEIRTTNPVATEQYGSVSTNLQRRNF,1.1403085583468695,-2.4287000512328794,3.5690086095797486
DEEEIRTTNPVATEQYGSVSmTPLgQRmGsNR,1.4394127365909728,-2.1370040947433235,3.5764168313342966
DEEEIRTTaNPVATEQYGMVSTNLQRGNR,-6.974356640057303,-3.371680666284796,3.6026759737725076
DEQEISTTNPVATEVYGWVSTNLQRGNR,2.0654337795299997,-1.5475487906534697,3.6129825701834695
DEAEIRTTNPVAYEQWGvVyVSNNlPQDnGgGmNh,0.5872675498263755,-3.026056517809676,3.613324067636052
TEEEIRTTNNVATSMYGQVYaTvNLdQqGGLG,-6.174722755063753,-2.560068113553915,3.614654641509838
DEEEIfRTTNPVATEAYGSvVvScTVmLsQRGgNR,-8.595298437884026,-4.944294986902774,3.6510034509812517
VEAYIRTTNPVATEmQYGSViSGPQQnDdVmNcQ,-8.077167445641079,-4.408013202532592,3.669154243108487
DEElEIRTTNPVATEQYGSVSTNLQRGNT,-4.6566989825481695,-0.9842681118048473,3.672430870743322
FEEEIRTTNPVATEQYGSVYLpHeLeEvReNiIqDi,0.7101415342147671,-2.987286561162889,3.6974280953776564
DEEEIRTTNPVATEMYGEVSANLQRGNR,3.54417861441,-0.1682494854881833,3.712428099898183
DEEEIRTTNPVATEQYGSVnDiTNLQRGNR,1.95691341878,-1.7794854268283409,3.736398845608341
DDQEVRSVNPIASEIWGAVSNNLERGNR,-6.35713666886,-2.6130383776362045,3.7440982912237954
DEEEIRTTNPVATEVYGSVSTILQRGNR,2.73306620348,-1.0414310400272608,3.774497243507261
DENEICTTNPVATEQYGSHfTWtYwPDtQiQdNqIm,-0.4050359854495181,-4.1830246009646395,3.777988615515121
TEEhEIRTTNPVATEHYGSVScTNaAsQRGDnRe,-5.698146845475777,-1.8378471399150493,3.8602997055607275
DEAEIACTNPVATEQYGSVATNLQnRnGNpVp,3.793364685735367,-0.06922553985610413,3.8625902255914712
EnETEIRTTNPVATEQYGSVSTpNGnNRGNdAs,-3.615189144893435,0.28975104162377274,3.9049401865172078
DEEEIRTTgNPVATEQWGSVSTNLQRGNR,-6.857411288246761,-2.9481263104683033,3.9092849777784573
DEEEIRTTNPVATEQYGSgVETNLQRGNR,1.8260952593081892,-2.0911953930254823,3.9172906523336715
FEEEIRTTNPVATEQYGVVdDLGqTgQgEgGeGgT,-4.860699858261737,-0.8885714511494438,3.972128407112293
YEEEISTTNPVALEQYGSVSTgNLQfReVNiR,-0.8275152517280324,-4.852220647711521,4.024705395983489
SeEStEIRTTNPVAYEPWGSvCSgWNDhGQkMdQdQ,-6.737317442756455,-2.7025448906467466,4.0347725521097075
DEEEIRTTNPVATEQYGvHYnSaEsTDdElFvEsDqEd,-5.134909807575888,-1.0832115074615327,4.051698300114356
DEQEVATTNPIAYMMYGSVSTNLERGNR,0.8899546376459999,-3.175105507866557,4.0650601455125575
DGENIIGTNPLATELYQWADTYdLqQCEsSI,-7.760703232769999,-3.684154605744754,4.076548627025245
AEEEIRTiTNPVACEQHGtAVSENDhRgGfVdNpTi,-6.848825757973445,-2.770000625465642,4.078825132507802
DEEEIRTTNPVATEQYGDASENLQRGNR,4.30259107878,0.16067704239109748,4.141914036388902
DEEEIRTTKPIATEQYGSVSTlNLFPGNV,-5.411547281574697,-1.224351118778527,4.1871961627961705
CEEEIACTNPVAYEQYGCVAaTtGLDnIgGeMlMw,0.6631440546775977,-3.5970870524087863,4.260231107086384
DEEEIRTTNPVAtTEQYGSVSTNLQRGNF,-4.671175085965242,-0.36259807394344357,4.308577012021798
DEEELRTTNPVATEQYGSVSTNFQRGDR,2.78644601742,-1.5278793995869728,4.314325417006973
DEEEIRTTNPVAqTEQYGSVSTNLQIGNR,-4.728493592369448,-0.4032928233000055,4.3252007690694425
CAEEIACTNPVAYEQWGSVcSAnPaQpQeHqDgTaMk,0.2490484315101299,-4.097980607124403,4.347029038634533
DEEEIRTTNPIAYEMYGSVSTNLQRGNR,1.2477253893,-3.1120230693251902,4.35974845862519
DEECIQTTNPVAYERYGcSVNINmEsLRpGgNAh,0.9056224592511156,-3.5424541013858097,4.448076560636926
DEEEIRTDNPVATEQYGSVSTNLQWGNR,-4.892895308931406,-0.35243977307213736,4.540455535859269
DAsEEIATTNPVATEQYGSVcAmNGnLePgAgIgNdAe,-5.3452167547547695,-0.7501261366883858,4.595090618066384
DEEEIRTTNPVATEQYGAVSTNLQRGNyR,2.01796563567,-2.632993707143545,4.650959342813545
TEEEyIGTTNPVATEQYGECgSMNpLqVQaMNRe,-6.156856334270239,-1.497855316713177,4.659001017557062
TpEEiEIATqTNPVAYMNYGqEVpSqTgYeTsTVnGgPqEg,-8.518677156281115,-3.703731327995185,4.814945828285929
DEESIRTTNPGATEQYGSVSTNLCAGNQ,-4.5767030461100005,0.32652578364809504,4.9032288297580955
TSEEIQTTNPVAWEWWGStVpSTNaAsVnRDgNLv,0.9297329072399738,-4.012297161496557,4.94203006873653
SEEEIRTTNPVATEMYGEVSTNLQRaGNR,4.29777991824,-0.64887188942369,4.94665180766369
DEeEiRtTNVTtNPVATeQyGTVStNSTaNLlQEGtNIg,-6.059245537643816,-1.072187964592251,4.987057573051565
DEVEIATTNPVATEQYGVVSTNLQIgGgNmI,1.6203227488503114,-3.4459728316360185,5.066295580486329
DEeEiRtTNVTtNPVATeAyGTVStTSTaNQlQEGNnMe,-7.059245537643816,-1.8735443759601553,5.185701161683661
DENEIRTTNPVATEVYGSVSENLQRaGNR,4.33035804864,-1.1185416292156196,5.44889967785562
DEEeVIaSqAqTYPsRNTEeNYGSVSeTDPpNvWGeEdIt,-7.352027286871662,-1.5983793034888114,5.753647983382851
DEEEIRTTNPCATEPYGVVSSNEQRGNR,5.9478369113,-0.5509104655030788,6.498747376803078
DEDEIRTTNPCATEQYGCASDNLQRGNR,3.32519995268,-3.407525669193412,6.732725621873412
DEEEIRTTNPVATDQYASVSTNLQAGLV,-4.66539663711,2.2674693796659495,6.932866016775949
